sample_index,phase,capture_accepted,accept_reject_reason,target_label,command_target_id,command_target_index,commanded_cable_displacement_mm,target_cable_deltas_ticks,resolved_servo_goal_ticks,servo_positions_before_command,servo_positions_after_command,raw_tracker_translation_mm,robot_tip_translation_mm,tracker_stale_age_s,tracker_frame_number,runtime_tip_mode,runtime_tip_trust_level,runtime_telemetry_ok,runtime_telemetry_failure_code
0,approach,True,ok,T11,T11,11,"[0.0,-8.0,0.0,8.0]","[0,-522,0,522]","{""5"":2131,""6"":1902,""7"":2632,""8"":2384}","{""5"":2133,""6"":2431,""7"":2631,""8"":1864}","{""5"":2132,""6"":1967,""7"":2632,""8"":2385}","[-31.560000000000002,3.84,-206.48000000000002]","[2.0005447740172713,38.20432293388209,51.30381676039913]",0.036112973999934184,11840,coil_as_tip,thesis_trusted,True,
1,repeat,True,ok,T00,T00,0,"[0.0,0.0,0.0,0.0]","[0,0,0,0]","{""5"":2131,""6"":2424,""7"":2632,""8"":1862}","{""5"":2132,""6"":1966,""7"":2632,""8"":2385}","{""5"":2133,""6"":2427,""7"":2632,""8"":1870}","[-49.54,41.47,-209.76]","[2.459800125529995,0.4760180444272635,69.37090824437755]",0.0,13424,coil_as_tip,thesis_trusted,True,
2,approach,True,ok,T15,T15,15,"[0.0,8.0,0.0,-8.0]","[0,522,0,-522]","{""5"":2131,""6"":2946,""7"":2632,""8"":1340}","{""5"":2133,""6"":2427,""7"":2632,""8"":1870}","{""5"":2132,""6"":2947,""7"":2632,""8"":1403}","[-32.28,82.08,-209.91]","[-0.31929292608239734,-40.07469962680377,52.19481619296516]",0.038051225999879534,14992,coil_as_tip,thesis_trusted,True,
3,repeat,True,ok,T00,T00,0,"[0.0,0.0,0.0,0.0]","[0,0,0,0]","{""5"":2131,""6"":2424,""7"":2632,""8"":1862}","{""5"":2132,""6"":2947,""7"":2632,""8"":1403}","{""5"":2132,""6"":2431,""7"":2631,""8"":1863}","[-49.52,43.31,-209.84]","[2.4046874506041434,-1.3649347584820504,69.3549279276443]",0.0,16584,coil_as_tip,thesis_trusted,True,
4,approach,True,ok,T06,T06,6,"[2.8284271247461907,2.82842712474619,-2.8284271247461907,-2.82842712474619]","[184,184,-184,-184]","{""5"":2315,""6"":2608,""7"":2448,""8"":1678}","{""5"":2132,""6"":2431,""7"":2631,""8"":1863}","{""5"":2315,""6"":2609,""7"":2457,""8"":1699}","[-46.81,58.730000000000004,-203.58]","[-4.96157769668207,-16.29042328048059,66.65751617569279]",0.0,18160,coil_as_tip,thesis_trusted,True,
5,repeat,True,ok,T00,T00,0,"[0.0,0.0,0.0,0.0]","[0,0,0,0]","{""5"":2131,""6"":2424,""7"":2632,""8"":1862}","{""5"":2315,""6"":2609,""7"":2457,""8"":1699}","{""5"":2133,""6"":2431,""7"":2631,""8"":1863}","[-49.51,43.38,-209.61]","[2.1702026235607548,-1.4179009229558162,69.34437087751853]",0.0,19760,coil_as_tip,thesis_trusted,True,
6,approach,True,ok,T02,T02,2,"[-2.8284271247461903,-2.82842712474619,2.8284271247461903,2.82842712474619]","[-184,-184,184,184]","{""5"":1947,""6"":2240,""7"":2816,""8"":2046}","{""5"":2133,""6"":2431,""7"":2631,""8"":1863}","{""5"":1968,""6"":2264,""7"":2815,""8"":2047}","[-45.0,28.150000000000002,-221.17000000000002]","[14.82908721189429,12.913016361003884,64.83836923753249]",0.0,21328,coil_as_tip,thesis_trusted,True,
7,repeat,True,ok,T00,T00,0,"[0.0,0.0,0.0,0.0]","[0,0,0,0]","{""5"":2131,""6"":2424,""7"":2632,""8"":1862}","{""5"":1968,""6"":2264,""7"":2815,""8"":2047}","{""5"":2132,""6"":2426,""7"":2632,""8"":1867}","[-49.44,42.13,-210.49]","[3.139712084820246,-0.235967037301954,69.2744874426326]",0.037615410999933374,22896,coil_as_tip,thesis_trusted,True,
8,approach,True,ok,T10,T10,10,"[-5.6568542494923815,-5.656854249492379,5.6568542494923815,5.656854249492379]","[-369,-369,369,369]","{""5"":1762,""6"":2055,""7"":3001,""8"":2231}","{""5"":2132,""6"":2426,""7"":2632,""8"":1866}","{""5"":1800,""6"":2095,""7"":3000,""8"":2232}","[-34.04,16.12,-230.82]","[25.367048551484714,24.177994186216182,53.883158358559314]",0.0,24472,coil_as_tip,thesis_trusted,True,
9,repeat,True,ok,T00,T00,0,"[0.0,0.0,0.0,0.0]","[0,0,0,0]","{""5"":2131,""6"":2424,""7"":2632,""8"":1862}","{""5"":1800,""6"":2095,""7"":3000,""8"":2232}","{""5"":2132,""6"":2426,""7"":2632,""8"":1867}","[-49.43,41.78,-211.13]","[3.8036852539602535,0.06613021388559304,69.26571923374524]",0.0,26064,coil_as_tip,thesis_trusted,True,
10,approach,True,ok,T03,T03,3,"[0.0,-4.0,0.0,4.0]","[0,-261,0,261]","{""5"":2131,""6"":2163,""7"":2632,""8"":2123}","{""5"":2132,""6"":2426,""7"":2632,""8"":1867}","{""5"":2132,""6"":2196,""7"":2631,""8"":2124}","[-44.52,20.54,-209.55]","[3.799973744562152,21.35360741593672,64.30735250700432]",0.0,27664,coil_as_tip,thesis_trusted,True,
11,repeat,True,ok,T00,T00,0,"[0.0,0.0,0.0,0.0]","[0,0,0,0]","{""5"":2131,""6"":2424,""7"":2632,""8"":1862}","{""5"":2132,""6"":2196,""7"":2631,""8"":2124}","{""5"":2132,""6"":2426,""7"":2632,""8"":1869}","[-49.480000000000004,41.61,-210.52]","[3.207654987800254,0.28052196043616107,69.3135115012392]",0.0,29224,coil_as_tip,thesis_trusted,True,
12,approach,True,ok,T04,T04,4,"[2.82842712474619,-2.8284271247461903,-2.82842712474619,2.8284271247461903]","[184,-184,-184,184]","{""5"":2315,""6"":2240,""7"":2448,""8"":2046}","{""5"":2132,""6"":2426,""7"":2632,""8"":1869}","{""5"":2315,""6"":2263,""7"":2459,""8"":2047}","[-46.85,26.94,-202.68]","[-3.527630765356946,15.479982972050188,66.62953855432956]",0.0,30792,coil_as_tip,thesis_trusted,True,
13,repeat,True,ok,T00,T00,0,"[0.0,0.0,0.0,0.0]","[0,0,0,0]","{""5"":2131,""6"":2424,""7"":2632,""8"":1862}","{""5"":2315,""6"":2263,""7"":2459,""8"":2047}","{""5"":2133,""6"":2426,""7"":2631,""8"":1869}","[-49.51,41.53,-209.9]","[2.5951084169760747,0.40584428473535894,69.34145812185409]",0.03705002399965451,32368,coil_as_tip,thesis_trusted,True,
14,approach,True,ok,T12,T12,12,"[5.6568542494923735,-5.656854249492387,-5.6568542494923735,5.656854249492387]","[369,-369,-369,369]","{""5"":2500,""6"":2055,""7"":2263,""8"":2231}","{""5"":2133,""6"":2426,""7"":2631,""8"":1869}","{""5"":2499,""6"":2094,""7"":2290,""8"":2232}","[-38.14,16.16,-189.78]","[-15.577019073674819,27.15722053958817,57.85817240152005]",0.0,33960,coil_as_tip,thesis_trusted,True,
15,repeat,True,ok,T00,T00,0,"[0.0,0.0,0.0,0.0]","[0,0,0,0]","{""5"":2131,""6"":2424,""7"":2632,""8"":1862}","{""5"":2499,""6"":2094,""7"":2290,""8"":2232}","{""5"":2135,""6"":2426,""7"":2631,""8"":1868}","[-49.53,41.480000000000004,-208.93]","[1.6313345210850514,0.526893244047784,69.35839999449021]",0.0,35520,coil_as_tip,thesis_trusted,True,
16,approach,True,ok,T14,T14,14,"[5.656854249492377,5.656854249492383,-5.656854249492377,-5.656854249492383]","[369,369,-369,-369]","{""5"":2500,""6"":2793,""7"":2263,""8"":1493}","{""5"":2135,""6"":2426,""7"":2631,""8"":1868}","{""5"":2499,""6"":2793,""7"":2286,""8"":1533}","[-38.410000000000004,70.83,-192.19]","[-17.184066128746025,-27.541550635726857,58.24769990159426]",0.0,37096,coil_as_tip,thesis_trusted,True,
17,repeat,True,ok,T00,T00,0,"[0.0,0.0,0.0,0.0]","[0,0,0,0]","{""5"":2131,""6"":2424,""7"":2632,""8"":1862}","{""5"":2499,""6"":2793,""7"":2286,""8"":1533}","{""5"":2135,""6"":2429,""7"":2631,""8"":1863}","[-49.550000000000004,43.19,-208.42000000000002]","[0.9972327135443209,-1.1410494630115906,69.38035503129232]",0.039191793000100006,38680,coil_as_tip,thesis_trusted,True,
18,approach,True,ok,T08,T08,8,"[-2.8284271247461894,2.8284271247461907,2.8284271247461894,-2.8284271247461907]","[-184,184,184,-184]","{""5"":1947,""6"":2608,""7"":2816,""8"":1678}","{""5"":2135,""6"":2430,""7"":2631,""8"":1863}","{""5"":1971,""6"":2609,""7"":2815,""8"":1698}","[-45.26,56.370000000000005,-221.71]","[13.297086297738531,-15.269929886019504,65.1579221070496]",0.0,40264,coil_as_tip,thesis_trusted,True,
19,repeat,True,ok,T00,T00,0,"[0.0,0.0,0.0,0.0]","[0,0,0,0]","{""5"":2131,""6"":2424,""7"":2632,""8"":1862}","{""5"":1971,""6"":2609,""7"":2815,""8"":1698}","{""5"":2132,""6"":2430,""7"":2633,""8"":1863}","[-49.5,43.07,-209.82]","[2.4024019414348743,-1.124160302981231,69.3343746304362]",0.0,41832,coil_as_tip,thesis_trusted,True,
20,approach,True,ok,T09,T09,9,"[-8.0,0.0,8.0,0.0]","[-522,0,522,0]","{""5"":1609,""6"":2424,""7"":3154,""8"":1862}","{""5"":2132,""6"":2430,""7"":2633,""8"":1863}","{""5"":1674,""6"":2425,""7"":3152,""8"":1862}","[-31.7,41.97,-244.77]","[37.390209990422875,-2.6307114578569113,51.638722861006684]",0.0,43392,coil_as_tip,thesis_trusted,True,
21,repeat,True,ok,T00,T00,0,"[0.0,0.0,0.0,0.0]","[0,0,0,0]","{""5"":2131,""6"":2424,""7"":2632,""8"":1862}","{""5"":1674,""6"":2425,""7"":3152,""8"":1862}","{""5"":2132,""6"":2427,""7"":2633,""8"":1863}","[-49.27,42.57,-212.86]","[5.471538113393308,-0.8489791436611256,69.11261239845862]",0.0,44968,coil_as_tip,thesis_trusted,True,
22,approach,True,ok,T05,T05,5,"[4.0,0.0,-4.0,0.0]","[261,0,-261,0]","{""5"":2392,""6"":2424,""7"":2371,""8"":1862}","{""5"":2132,""6"":2427,""7"":2633,""8"":1864}","{""5"":2392,""6"":2426,""7"":2393,""8"":1863}","[-48.230000000000004,43.57,-195.26]","[-12.151326364948432,-0.5578870817917903,68.0210479296718]",0.0,46552,coil_as_tip,thesis_trusted,True,
23,repeat,True,ok,T00,T00,0,"[0.0,0.0,0.0,0.0]","[0,0,0,0]","{""5"":2131,""6"":2424,""7"":2632,""8"":1862}","{""5"":2392,""6"":2426,""7"":2393,""8"":1863}","{""5"":2134,""6"":2427,""7"":2631,""8"":1863}","[-49.52,42.71,-208.96]","[1.5710682372456688,-0.7020141749263829,69.35101550923868]",0.037332052999772714,48104,coil_as_tip,thesis_trusted,True,
24,approach,True,ok,T01,T01,1,"[-4.0,0.0,4.0,0.0]","[-261,0,261,0]","{""5"":1870,""6"":2424,""7"":2893,""8"":1862}","{""5"":2134,""6"":2427,""7"":2631,""8"":1863}","{""5"":1901,""6"":2425,""7"":2892,""8"":1862}","[-44.51,41.93,-228.6]","[21.229766752652495,-1.3758572414997232,64.39928770957404]",0.03808190100016873,49680,coil_as_tip,thesis_trusted,True,
25,repeat,True,ok,T00,T00,0,"[0.0,0.0,0.0,0.0]","[0,0,0,0]","{""5"":2131,""6"":2424,""7"":2632,""8"":1862}","{""5"":1901,""6"":2425,""7"":2892,""8"":1862}","{""5"":2132,""6"":2427,""7"":2632,""8"":1864}","[-49.34,42.52,-211.97]","[4.587404009527432,-0.7336837634166358,69.17979767717054]",0.0,51272,coil_as_tip,thesis_trusted,True,
26,approach,True,ok,T07,T07,7,"[0.0,4.0,0.0,-4.0]","[0,261,0,-261]","{""5"":2131,""6"":2685,""7"":2632,""8"":1601}","{""5"":2132,""6"":2427,""7"":2632,""8"":1864}","{""5"":2132,""6"":2686,""7"":2632,""8"":1633}","[-44.730000000000004,64.12,-211.09]","[2.1388418829822626,-22.221388305332134,64.61147226934408]",0.0,52832,coil_as_tip,thesis_trusted,True,
27,repeat,True,ok,T00,T00,0,"[0.0,0.0,0.0,0.0]","[0,0,0,0]","{""5"":2131,""6"":2424,""7"":2632,""8"":1862}","{""5"":2132,""6"":2686,""7"":2632,""8"":1633}","{""5"":2132,""6"":2431,""7"":2631,""8"":1863}","[-49.480000000000004,43.04,-210.51]","[3.0927987431489044,-1.1448901238088283,69.3164154903815]",0.0,54408,coil_as_tip,thesis_trusted,True,
28,approach,True,ok,T16,T16,16,"[-5.656854249492373,5.656854249492388,5.656854249492373,-5.656854249492388]","[-369,369,369,-369]","{""5"":1762,""6"":2793,""7"":3001,""8"":1493}","{""5"":2131,""6"":2431,""7"":2631,""8"":1863}","{""5"":1798,""6"":2793,""7"":3000,""8"":1531}","[-34.45,67.66,-233.19]","[23.94927463213972,-27.395962490029397,54.40614006987384]",0.0,55992,coil_as_tip,thesis_trusted,True,
29,repeat,True,ok,T00,T00,0,"[0.0,0.0,0.0,0.0]","[0,0,0,0]","{""5"":2131,""6"":2424,""7"":2632,""8"":1862}","{""5"":1798,""6"":2793,""7"":3000,""8"":1531}","{""5"":2132,""6"":2431,""7"":2632,""8"":1863}","[-49.43,43.02,-211.37]","[3.952090155365312,-1.188128632768354,69.2689950281937]",0.037287206999735645,57560,coil_as_tip,thesis_trusted,True,
30,approach,True,ok,T13,T13,13,"[8.0,0.0,-8.0,0.0]","[522,0,-522,0]","{""5"":2653,""6"":2424,""7"":2110,""8"":1862}","{""5"":2132,""6"":2431,""7"":2632,""8"":1863}","{""5"":2653,""6"":2425,""7"":2161,""8"":1862}","[-38.88,45.95,-175.67000000000002]","[-31.836038716051235,-1.5159953644981314,58.61630826432486]",0.0,59128,coil_as_tip,thesis_trusted,True,
31,repeat,True,ok,T00,T00,0,"[0.0,0.0,0.0,0.0]","[0,0,0,0]","{""5"":2131,""6"":2424,""7"":2632,""8"":1862}","{""5"":2653,""6"":2425,""7"":2161,""8"":1862}","{""5"":2136,""6"":2426,""7"":2631,""8"":1863}","[-49.51,43.01,-207.42000000000002]","[0.013247867330449026,-0.8882869609084452,69.33693913613867]",0.0,60696,coil_as_tip,thesis_trusted,True,
32,approach,True,ok,T04,T04,4,"[2.82842712474619,-2.8284271247461903,-2.82842712474619,2.8284271247461903]","[184,-184,-184,184]","{""5"":2315,""6"":2240,""7"":2448,""8"":2046}","{""5"":2136,""6"":2426,""7"":2631,""8"":1863}","{""5"":2314,""6"":2265,""7"":2454,""8"":2047}","[-46.88,27.51,-201.08]","[-5.165207931332418,15.028929073854613,66.65583316210918]",0.0,62272,coil_as_tip,thesis_trusted,True,
33,repeat,True,ok,T01,T01,1,"[-4.0,0.0,4.0,0.0]","[-261,0,261,0]","{""5"":1870,""6"":2424,""7"":2893,""8"":1862}","{""5"":2314,""6"":2265,""7"":2454,""8"":2047}","{""5"":1902,""6"":2425,""7"":2892,""8"":1863}","[-44.58,40.88,-228.18]","[20.887709710989697,-0.2977264266455748,64.46585291302733]",0.03711537499975748,63848,coil_as_tip,thesis_trusted,True,
34,approach,True,ok,T08,T08,8,"[-2.8284271247461894,2.8284271247461907,2.8284271247461894,-2.8284271247461907]","[-184,184,184,-184]","{""5"":1947,""6"":2608,""7"":2816,""8"":1678}","{""5"":1901,""6"":2425,""7"":2892,""8"":1863}","{""5"":1955,""6"":2609,""7"":2817,""8"":1701}","[-44.97,55.85,-222.91]","[14.532826138976503,-14.839996018668053,64.87051313975496]",0.0386864769998283,65408,coil_as_tip,thesis_trusted,True,
35,repeat,True,ok,T01,T01,1,"[-4.0,0.0,4.0,0.0]","[-261,0,261,0]","{""5"":1870,""6"":2424,""7"":2893,""8"":1862}","{""5"":1955,""6"":2609,""7"":2817,""8"":1701}","{""5"":1898,""6"":2426,""7"":2892,""8"":1862}","[-44.42,43.15,-228.66]","[21.2003840382786,-2.597173369794376,64.31197464718711]",0.03898869400018157,66992,coil_as_tip,thesis_trusted,True,
36,approach,True,ok,T14,T14,14,"[5.656854249492377,5.656854249492383,-5.656854249492377,-5.656854249492383]","[369,369,-369,-369]","{""5"":2500,""6"":2793,""7"":2263,""8"":1493}","{""5"":1898,""6"":2426,""7"":2892,""8"":1862}","{""5"":2500,""6"":2793,""7"":2289,""8"":1530}","[-38.4,71.25,-193.03]","[-16.377108049019313,-28.022045565467273,58.24112114353849]",0.0,68576,coil_as_tip,thesis_trusted,True,
37,repeat,True,ok,T01,T01,1,"[-4.0,0.0,4.0,0.0]","[-261,0,261,0]","{""5"":1870,""6"":2424,""7"":2893,""8"":1862}","{""5"":2500,""6"":2793,""7"":2289,""8"":1530}","{""5"":1900,""6"":2426,""7"":2892,""8"":1862}","[-44.54,43.910000000000004,-228.35]","[20.835131576633614,-3.332117476831563,64.43258890336602]",0.0388576479999756,70144,coil_as_tip,thesis_trusted,True,
38,approach,True,ok,T12,T12,12,"[5.6568542494923735,-5.656854249492387,-5.6568542494923735,5.656854249492387]","[369,-369,-369,369]","{""5"":2500,""6"":2055,""7"":2263,""8"":2231}","{""5"":1900,""6"":2426,""7"":2892,""8"":1862}","{""5"":2499,""6"":2095,""7"":2290,""8"":2232}","[-38.37,16.53,-189.99]","[-15.39538743436745,26.77333888311448,58.08956994132015]",0.0,71704,coil_as_tip,thesis_trusted,True,
39,repeat,True,ok,T01,T01,1,"[-4.0,0.0,4.0,0.0]","[-261,0,261,0]","{""5"":1870,""6"":2424,""7"":2893,""8"":1862}","{""5"":2499,""6"":2095,""7"":2290,""8"":2232}","{""5"":1900,""6"":2425,""7"":2891,""8"":1863}","[-44.64,40.18,-228.07]","[20.829174592471503,0.4085901736571458,64.5240809134815]",0.0,73288,coil_as_tip,thesis_trusted,True,
40,approach,True,ok,T07,T07,7,"[0.0,4.0,0.0,-4.0]","[0,261,0,-261]","{""5"":2131,""6"":2685,""7"":2632,""8"":1601}","{""5"":1900,""6"":2425,""7"":2892,""8"":1863}","{""5"":2132,""6"":2686,""7"":2633,""8"":1632}","[-44.86,64.09,-211.38]","[2.4298844906896875,-22.212442231190145,64.74229340011549]",0.0,74872,coil_as_tip,thesis_trusted,True,
41,repeat,True,ok,T01,T01,1,"[-4.0,0.0,4.0,0.0]","[-261,0,261,0]","{""5"":1870,""6"":2424,""7"":2893,""8"":1862}","{""5"":2132,""6"":2686,""7"":2633,""8"":1633}","{""5"":1899,""6"":2427,""7"":2892,""8"":1862}","[-44.51,43.22,-228.54]","[21.075313672622855,-2.6579797680154797,64.40175206957221]",0.0,76456,coil_as_tip,thesis_trusted,True,
42,approach,True,ok,T06,T06,6,"[2.8284271247461907,2.82842712474619,-2.8284271247461907,-2.82842712474619]","[184,184,-184,-184]","{""5"":2315,""6"":2608,""7"":2448,""8"":1678}","{""5"":1899,""6"":2427,""7"":2892,""8"":1862}","{""5"":2315,""6"":2609,""7"":2459,""8"":1699}","[-46.95,58.370000000000005,-204.35]","[-4.167654972232697,-15.987546487603446,66.79912251714441]",0.03806771600011416,78032,coil_as_tip,thesis_trusted,True,
43,repeat,True,ok,T01,T01,1,"[-4.0,0.0,4.0,0.0]","[-261,0,261,0]","{""5"":1870,""6"":2424,""7"":2893,""8"":1862}","{""5"":2315,""6"":2609,""7"":2459,""8"":1699}","{""5"":1900,""6"":2427,""7"":2892,""8"":1862}","[-44.56,43.25,-228.42000000000002]","[20.953292626722174,-2.678984785245099,64.45144767912156]",0.0,79600,coil_as_tip,thesis_trusted,True,
44,approach,True,ok,T00,T00,0,"[0.0,0.0,0.0,0.0]","[0,0,0,0]","{""5"":2131,""6"":2424,""7"":2632,""8"":1862}","{""5"":1900,""6"":2427,""7"":2892,""8"":1862}","{""5"":2132,""6"":2428,""7"":2632,""8"":1864}","[-49.34,42.480000000000004,-211.81]","[4.430769413373866,-0.6820574244188009,69.17922810760497]",0.0,81184,coil_as_tip,thesis_trusted,True,
45,repeat,True,ok,T01,T01,1,"[-4.0,0.0,4.0,0.0]","[-261,0,261,0]","{""5"":1870,""6"":2424,""7"":2893,""8"":1862}","{""5"":2132,""6"":2428,""7"":2632,""8"":1864}","{""5"":1900,""6"":2426,""7"":2892,""8"":1862}","[-44.56,42.49,-228.46]","[21.048926855824533,-1.9239668866207964,64.45000997924424]",0.0,82728,coil_as_tip,thesis_trusted,True,
46,approach,True,ok,T11,T11,11,"[0.0,-8.0,0.0,8.0]","[0,-522,0,522]","{""5"":2131,""6"":1902,""7"":2632,""8"":2384}","{""5"":1900,""6"":2426,""7"":2892,""8"":1862}","{""5"":2132,""6"":1966,""7"":2633,""8"":2385}","[-31.57,3.87,-207.6]","[3.115294293538682,38.09228739185349,51.31729066291793]",0.03692171100010455,84296,coil_as_tip,thesis_trusted,True,
47,repeat,True,ok,T01,T01,1,"[-4.0,0.0,4.0,0.0]","[-261,0,261,0]","{""5"":1870,""6"":2424,""7"":2893,""8"":1862}","{""5"":2132,""6"":1966,""7"":2633,""8"":2385}","{""5"":1899,""6"":2425,""7"":2892,""8"":1866}","[-44.45,39.47,-228.37]","[21.1809889500544,1.0942435394437098,64.33353926505762]",0.0,85880,coil_as_tip,thesis_trusted,True,
48,approach,True,ok,T15,T15,15,"[0.0,8.0,0.0,-8.0]","[0,522,0,-522]","{""5"":2131,""6"":2946,""7"":2632,""8"":1340}","{""5"":1899,""6"":2425,""7"":2892,""8"":1866}","{""5"":2132,""6"":2947,""7"":2633,""8"":1402}","[-32.49,81.28,-213.12]","[2.940117378412424,-39.511795853653275,52.41295332672719]",0.0,87464,coil_as_tip,thesis_trusted,True,
49,repeat,True,ok,T01,T01,1,"[-4.0,0.0,4.0,0.0]","[-261,0,261,0]","{""5"":1870,""6"":2424,""7"":2893,""8"":1862}","{""5"":2132,""6"":2947,""7"":2633,""8"":1402}","{""5"":1897,""6"":2428,""7"":2891,""8"":1862}","[-44.24,43.99,-228.92000000000002]","[21.39859280766467,-3.454385776492373,64.13449176479699]",0.0,89032,coil_as_tip,thesis_trusted,True,
50,approach,True,ok,T09,T09,9,"[-8.0,0.0,8.0,0.0]","[-522,0,522,0]","{""5"":1609,""6"":2424,""7"":3154,""8"":1862}","{""5"":1897,""6"":2428,""7"":2892,""8"":1862}","{""5"":1673,""6"":2425,""7"":3152,""8"":1863}","[-31.88,43.54,-244.81]","[37.31443072590349,-4.199004499997706,51.8220652648354]",0.0,90600,coil_as_tip,thesis_trusted,True,
51,repeat,True,ok,T01,T01,1,"[-4.0,0.0,4.0,0.0]","[-261,0,261,0]","{""5"":1870,""6"":2424,""7"":2893,""8"":1862}","{""5"":1673,""6"":2425,""7"":3152,""8"":1863}","{""5"":1881,""6"":2425,""7"":2894,""8"":1862}","[-43.63,42.300000000000004,-230.27]","[22.87066574772882,-1.8693327890918852,63.525141056039175]",0.0,92160,coil_as_tip,thesis_trusted,True,
52,approach,True,ok,T05,T05,5,"[4.0,0.0,-4.0,0.0]","[261,0,-261,0]","{""5"":2392,""6"":2424,""7"":2371,""8"":1862}","{""5"":1881,""6"":2426,""7"":2894,""8"":1862}","{""5"":2393,""6"":2426,""7"":2394,""8"":1863}","[-48.300000000000004,43.83,-195.64000000000001]","[-11.791623275026552,-0.8448959834136573,68.09273877630136]",0.0,93720,coil_as_tip,thesis_trusted,True,
53,repeat,True,ok,T01,T01,1,"[-4.0,0.0,4.0,0.0]","[-261,0,261,0]","{""5"":1870,""6"":2424,""7"":2893,""8"":1862}","{""5"":2393,""6"":2426,""7"":2394,""8"":1863}","{""5"":1900,""6"":2426,""7"":2892,""8"":1862}","[-44.53,42.57,-228.56]","[21.142876150956994,-2.0111531972791,64.42047902636583]",0.0,95304,coil_as_tip,thesis_trusted,True,
54,approach,True,ok,T16,T16,16,"[-5.656854249492373,5.656854249492388,5.656854249492373,-5.656854249492388]","[-369,369,369,-369]","{""5"":1762,""6"":2793,""7"":3001,""8"":1493}","{""5"":1900,""6"":2426,""7"":2892,""8"":1862}","{""5"":1795,""6"":2793,""7"":2999,""8"":1532}","[-34.47,67.84,-233.32]","[24.065664105717303,-27.584965907753293,54.426905390218636]",0.0,96872,coil_as_tip,thesis_trusted,True,
55,repeat,True,ok,T01,T01,1,"[-4.0,0.0,4.0,0.0]","[-261,0,261,0]","{""5"":1870,""6"":2424,""7"":2893,""8"":1862}","{""5"":1795,""6"":2793,""7"":2999,""8"":1532}","{""5"":1880,""6"":2427,""7"":2894,""8"":1862}","[-43.6,44.13,-230.19]","[22.65674701022121,-3.6886010887099516,63.49865279924664]",0.0,98440,coil_as_tip,thesis_trusted,True,
56,approach,True,ok,T02,T02,2,"[-2.8284271247461903,-2.82842712474619,2.8284271247461903,2.82842712474619]","[-184,-184,184,184]","{""5"":1947,""6"":2240,""7"":2816,""8"":2046}","{""5"":1880,""6"":2427,""7"":2894,""8"":1862}","{""5"":1953,""6"":2265,""7"":2817,""8"":2047}","[-44.78,28.29,-222.08]","[15.726999535704834,12.7061563039952,64.62143059283427]",0.0,100016,coil_as_tip,thesis_trusted,True,
57,repeat,True,ok,T01,T01,1,"[-4.0,0.0,4.0,0.0]","[-261,0,261,0]","{""5"":1870,""6"":2424,""7"":2893,""8"":1862}","{""5"":1953,""6"":2265,""7"":2817,""8"":2047}","{""5"":1898,""6"":2425,""7"":2892,""8"":1863}","[-44.33,40.79,-228.65]","[21.363764927019872,-0.24300560851899178,64.21710190628764]",0.0,101584,coil_as_tip,thesis_trusted,True,
58,approach,True,ok,T13,T13,13,"[8.0,0.0,-8.0,0.0]","[522,0,-522,0]","{""5"":2653,""6"":2424,""7"":2110,""8"":1862}","{""5"":1898,""6"":2425,""7"":2892,""8"":1863}","{""5"":2653,""6"":2425,""7"":2162,""8"":1862}","[-39.2,44.980000000000004,-175.9]","[-31.53643877700884,-0.5647514288354003,58.93501636179127]",0.0,103144,coil_as_tip,thesis_trusted,True,
59,repeat,True,ok,T01,T01,1,"[-4.0,0.0,4.0,0.0]","[-261,0,261,0]","{""5"":1870,""6"":2424,""7"":2893,""8"":1862}","{""5"":2653,""6"":2425,""7"":2162,""8"":1862}","{""5"":1901,""6"":2425,""7"":2892,""8"":1862}","[-44.68,41.86,-228.07]","[20.705839621671117,-1.2667906264680795,64.56752811764281]",0.0,104704,coil_as_tip,thesis_trusted,True,
60,approach,True,ok,T03,T03,3,"[0.0,-4.0,0.0,4.0]","[0,-261,0,261]","{""5"":2131,""6"":2163,""7"":2632,""8"":2123}","{""5"":1901,""6"":2425,""7"":2892,""8"":1862}","{""5"":2132,""6"":2197,""7"":2632,""8"":2124}","[-44.67,20.97,-209.59]","[3.8078943190421626,20.92217343102641,64.45835575585782]",0.038244539000061195,106264,coil_as_tip,thesis_trusted,True,
61,repeat,True,ok,T01,T01,1,"[-4.0,0.0,4.0,0.0]","[-261,0,261,0]","{""5"":1870,""6"":2424,""7"":2893,""8"":1862}","{""5"":2132,""6"":2197,""7"":2632,""8"":2124}","{""5"":1900,""6"":2425,""7"":2892,""8"":1865}","[-44.58,40.47,-228.22]","[20.95767322188115,0.10823488862703101,64.46513343690853]",0.0,107848,coil_as_tip,thesis_trusted,True,
62,approach,True,ok,T10,T10,10,"[-5.6568542494923815,-5.656854249492379,5.6568542494923815,5.656854249492379]","[-369,-369,369,369]","{""5"":1762,""6"":2055,""7"":3001,""8"":2231}","{""5"":1900,""6"":2425,""7"":2892,""8"":1865}","{""5"":1796,""6"":2096,""7"":3000,""8"":2232}","[-34.04,15.98,-230.61]","[25.167883323585897,24.333017901988768,53.88223124256487]",0.0,109432,coil_as_tip,thesis_trusted,True,
63,repeat,True,ok,T01,T01,1,"[-4.0,0.0,4.0,0.0]","[-261,0,261,0]","{""5"":1870,""6"":2424,""7"":2893,""8"":1862}","{""5"":1796,""6"":2096,""7"":3000,""8"":2232}","{""5"":1882,""6"":2425,""7"":2894,""8"":1865}","[-43.74,39.29,-229.65]","[22.47278871400829,1.1782733900490427,63.62707457800248]",0.0,111024,coil_as_tip,thesis_trusted,True,
64,approach,True,ok,T01,T01,1,"[-4.0,0.0,4.0,0.0]","[-261,0,261,0]","{""5"":1870,""6"":2424,""7"":2893,""8"":1862}","{""5"":1882,""6"":2425,""7"":2894,""8"":1865}","{""5"":1882,""6"":2425,""7"":2894,""8"":1865}","[-43.69,39.56,-229.78]","[22.582779311689308,0.8993536652423373,63.578025056745716]",0.03667777999999089,112576,coil_as_tip,thesis_trusted,True,
65,repeat,True,ok,T02,T02,2,"[-2.8284271247461903,-2.82842712474619,2.8284271247461903,2.82842712474619]","[-184,-184,184,184]","{""5"":1947,""6"":2240,""7"":2816,""8"":2046}","{""5"":1882,""6"":2425,""7"":2894,""8"":1865}","{""5"":1953,""6"":2263,""7"":2817,""8"":2047}","[-44.47,27.27,-222.18]","[15.902436894645234,13.71536936984424,64.30964425444272]",0.0,114160,coil_as_tip,thesis_trusted,True,
66,approach,True,ok,T16,T16,16,"[-5.656854249492373,5.656854249492388,5.656854249492373,-5.656854249492388]","[-369,369,369,-369]","{""5"":1762,""6"":2793,""7"":3001,""8"":1493}","{""5"":1953,""6"":2262,""7"":2817,""8"":2047}","{""5"":1793,""6"":2793,""7"":2999,""8"":1534}","[-34.83,67.13,-233.6]","[24.39594396764906,-26.89659727272025,54.78629909509546]",0.0,115736,coil_as_tip,thesis_trusted,True,
67,repeat,True,ok,T02,T02,2,"[-2.8284271247461903,-2.82842712474619,2.8284271247461903,2.82842712474619]","[-184,-184,184,184]","{""5"":1947,""6"":2240,""7"":2816,""8"":2046}","{""5"":1793,""6"":2793,""7"":2999,""8"":1534}","{""5"":1953,""6"":2263,""7"":2817,""8"":2047}","[-44.64,28.21,-222.22]","[15.872893803752476,12.775355477745784,64.481693922976]",0.038007806000223354,117304,coil_as_tip,thesis_trusted,True,
68,approach,True,ok,T14,T14,14,"[5.656854249492377,5.656854249492383,-5.656854249492377,-5.656854249492383]","[369,369,-369,-369]","{""5"":2500,""6"":2793,""7"":2263,""8"":1493}","{""5"":1953,""6"":2263,""7"":2817,""8"":2047}","{""5"":2499,""6"":2793,""7"":2289,""8"":1531}","[-38.53,71.05,-193.31]","[-16.083569831284848,-27.842824337391015,58.37156295484192]",0.0,118896,coil_as_tip,thesis_trusted,True,
69,repeat,True,ok,T02,T02,2,"[-2.8284271247461903,-2.82842712474619,2.8284271247461903,2.82842712474619]","[-184,-184,184,184]","{""5"":1947,""6"":2240,""7"":2816,""8"":2046}","{""5"":2500,""6"":2793,""7"":2289,""8"":1530}","{""5"":1965,""6"":2263,""7"":2815,""8"":2047}","[-45.07,28.330000000000002,-221.03]","[14.676060618858344,12.743927834931881,64.908311586468]",0.03805337399990094,120440,coil_as_tip,thesis_trusted,True,
70,approach,True,ok,T00,T00,0,"[0.0,0.0,0.0,0.0]","[0,0,0,0]","{""5"":2131,""6"":2424,""7"":2632,""8"":1862}","{""5"":1965,""6"":2263,""7"":2815,""8"":2047}","{""5"":2132,""6"":2426,""7"":2632,""8"":1867}","[-49.39,42.11,-211.0]","[3.649947638398004,-0.2535370755416295,69.22600060295973]",0.03709593899975516,122024,coil_as_tip,thesis_trusted,True,
71,repeat,True,ok,T02,T02,2,"[-2.8284271247461903,-2.82842712474619,2.8284271247461903,2.82842712474619]","[-184,-184,184,184]","{""5"":1947,""6"":2240,""7"":2816,""8"":2046}","{""5"":2132,""6"":2426,""7"":2632,""8"":1867}","{""5"":1966,""6"":2262,""7"":2815,""8"":2047}","[-45.01,27.92,-221.04]","[14.716278341234329,13.151953104893124,64.84750111138399]",0.03872181899987481,123584,coil_as_tip,thesis_trusted,True,
72,approach,True,ok,T03,T03,3,"[0.0,-4.0,0.0,4.0]","[0,-261,0,261]","{""5"":2131,""6"":2163,""7"":2632,""8"":2123}","{""5"":1966,""6"":2262,""7"":2815,""8"":2047}","{""5"":2132,""6"":2197,""7"":2633,""8"":2124}","[-44.5,20.93,-210.6]","[4.8185945675942605,20.887607839489526,64.29135208087304]",0.03712137399998028,125160,coil_as_tip,thesis_trusted,True,
73,repeat,True,ok,T02,T02,2,"[-2.8284271247461903,-2.82842712474619,2.8284271247461903,2.82842712474619]","[-184,-184,184,184]","{""5"":1947,""6"":2240,""7"":2816,""8"":2046}","{""5"":2132,""6"":2197,""7"":2633,""8"":2124}","{""5"":1968,""6"":2247,""7"":2815,""8"":2047}","[-44.65,26.330000000000002,-220.53]","[14.325312206154507,14.774252726930072,64.48268688803256]",0.03796515599970007,126720,coil_as_tip,thesis_trusted,True,
74,approach,True,ok,T05,T05,5,"[4.0,0.0,-4.0,0.0]","[261,0,-261,0]","{""5"":2392,""6"":2424,""7"":2371,""8"":1862}","{""5"":1968,""6"":2247,""7"":2815,""8"":2047}","{""5"":2393,""6"":2425,""7"":2392,""8"":1865}","[-48.28,42.83,-195.41]","[-11.94760016840678,0.1692309926541995,68.06998608101235]",0.0,128296,coil_as_tip,thesis_trusted,True,
75,repeat,True,ok,T02,T02,2,"[-2.8284271247461903,-2.82842712474619,2.8284271247461903,2.82842712474619]","[-184,-184,184,184]","{""5"":1947,""6"":2240,""7"":2816,""8"":2046}","{""5"":2393,""6"":2425,""7"":2392,""8"":1865}","{""5"":1969,""6"":2260,""7"":2815,""8"":2047}","[-45.03,27.43,-220.31]","[14.024128794160674,13.694214817639818,64.86427130442777]",0.0,129856,coil_as_tip,thesis_trusted,True,
76,approach,True,ok,T15,T15,15,"[0.0,8.0,0.0,-8.0]","[0,522,0,-522]","{""5"":2131,""6"":2946,""7"":2632,""8"":1340}","{""5"":1969,""6"":2260,""7"":2815,""8"":2047}","{""5"":2132,""6"":2947,""7"":2633,""8"":1402}","[-32.58,81.2,-212.37]","[2.1977482035831883,-39.37680332599937,52.50050345945695]",0.0,131424,coil_as_tip,thesis_trusted,True,
77,repeat,True,ok,T02,T02,2,"[-2.8284271247461903,-2.82842712474619,2.8284271247461903,2.82842712474619]","[-184,-184,184,184]","{""5"":1947,""6"":2240,""7"":2816,""8"":2046}","{""5"":2132,""6"":2947,""7"":2633,""8"":1402}","{""5"":1965,""6"":2264,""7"":2815,""8"":2047}","[-45.12,28.52,-220.9]","[14.53233136295728,12.564087478762055,64.95830505895022]",0.0,132984,coil_as_tip,thesis_trusted,True,
78,approach,True,ok,T13,T13,13,"[8.0,0.0,-8.0,0.0]","[522,0,-522,0]","{""5"":2653,""6"":2424,""7"":2110,""8"":1862}","{""5"":1965,""6"":2264,""7"":2815,""8"":2047}","{""5"":2653,""6"":2425,""7"":2160,""8"":1862}","[-39.06,44.800000000000004,-175.74]","[-31.682400754019767,-0.3738202563673312,58.79416044730051]",0.0,134560,coil_as_tip,thesis_trusted,True,
79,repeat,True,ok,T02,T02,2,"[-2.8284271247461903,-2.82842712474619,2.8284271247461903,2.82842712474619]","[-184,-184,184,184]","{""5"":1947,""6"":2240,""7"":2816,""8"":2046}","{""5"":2653,""6"":2425,""7"":2160,""8"":1862}","{""5"":1970,""6"":2260,""7"":2815,""8"":2047}","[-45.24,27.6,-219.91]","[13.61213268051236,13.554485143497338,65.0734000219745]",0.038295684000331676,136136,coil_as_tip,thesis_trusted,True,
80,approach,True,ok,T08,T08,8,"[-2.8284271247461894,2.8284271247461907,2.8284271247461894,-2.8284271247461907]","[-184,184,184,-184]","{""5"":1947,""6"":2608,""7"":2816,""8"":1678}","{""5"":1970,""6"":2260,""7"":2815,""8"":2047}","{""5"":1966,""6"":2609,""7"":2816,""8"":1700}","[-45.28,55.76,-221.67000000000002]","[13.301876832510487,-14.658595186971333,65.1765483389896]",0.0,137704,coil_as_tip,thesis_trusted,True,
81,repeat,True,ok,T02,T02,2,"[-2.8284271247461903,-2.82842712474619,2.8284271247461903,2.82842712474619]","[-184,-184,184,184]","{""5"":1947,""6"":2240,""7"":2816,""8"":2046}","{""5"":1966,""6"":2609,""7"":2816,""8"":1700}","{""5"":1964,""6"":2263,""7"":2815,""8"":2047}","[-45.11,28.45,-220.97]","[14.607305559174193,12.628742401297686,64.94837475716541]",0.0,139280,coil_as_tip,thesis_trusted,True,
82,approach,True,ok,T09,T09,9,"[-8.0,0.0,8.0,0.0]","[-522,0,522,0]","{""5"":1609,""6"":2424,""7"":3154,""8"":1862}","{""5"":1964,""6"":2263,""7"":2815,""8"":2047}","{""5"":1673,""6"":2425,""7"":3152,""8"":1862}","[-31.84,40.13,-244.45000000000002]","[37.2056235064037,-0.7718850179936254,51.773971137825995]",0.0,140872,coil_as_tip,thesis_trusted,True,
83,repeat,True,ok,T02,T02,2,"[-2.8284271247461903,-2.82842712474619,2.8284271247461903,2.82842712474619]","[-184,-184,184,184]","{""5"":1947,""6"":2240,""7"":2816,""8"":2046}","{""5"":1673,""6"":2425,""7"":3152,""8"":1862}","{""5"":1953,""6"":2262,""7"":2817,""8"":2047}","[-44.57,27.67,-222.27]","[15.962567343298247,13.310074096307503,64.41073861824987]",0.0,142448,coil_as_tip,thesis_trusted,True,
84,approach,True,ok,T04,T04,4,"[2.82842712474619,-2.8284271247461903,-2.82842712474619,2.8284271247461903]","[184,-184,-184,184]","{""5"":2315,""6"":2240,""7"":2448,""8"":2046}","{""5"":1954,""6"":2263,""7"":2817,""8"":2047}","{""5"":2315,""6"":2262,""7"":2461,""8"":2047}","[-46.95,27.36,-203.81]","[-2.431772663504006,14.978469580754407,66.7338426240214]",0.03891354200004571,144016,coil_as_tip,thesis_trusted,True,
85,repeat,True,ok,T02,T02,2,"[-2.8284271247461903,-2.82842712474619,2.8284271247461903,2.82842712474619]","[-184,-184,184,184]","{""5"":1947,""6"":2240,""7"":2816,""8"":2046}","{""5"":2315,""6"":2262,""7"":2461,""8"":2047}","{""5"":1967,""6"":2260,""7"":2815,""8"":2047}","[-44.97,27.45,-220.73000000000002]","[14.441702211425707,13.643330362354291,64.80559240358672]",0.0,145608,coil_as_tip,thesis_trusted,True,
86,approach,True,ok,T11,T11,11,"[0.0,-8.0,0.0,8.0]","[0,-522,0,522]","{""5"":2131,""6"":1902,""7"":2632,""8"":2384}","{""5"":1967,""6"":2260,""7"":2815,""8"":2047}","{""5"":2132,""6"":1965,""7"":2633,""8"":2385}","[-31.62,4.0600000000000005,-208.0]","[3.500135337861849,37.873577637165056,51.36889893559183]",0.0,147192,coil_as_tip,thesis_trusted,True,
87,repeat,True,ok,T02,T02,2,"[-2.8284271247461903,-2.82842712474619,2.8284271247461903,2.82842712474619]","[-184,-184,184,184]","{""5"":1947,""6"":2240,""7"":2816,""8"":2046}","{""5"":2132,""6"":1965,""7"":2633,""8"":2385}","{""5"":1967,""6"":2246,""7"":2815,""8"":2047}","[-44.26,25.36,-221.19]","[15.055802740234185,15.692349413508296,64.09270989677017]",0.037168984999880195,148752,coil_as_tip,thesis_trusted,True,
88,approach,True,ok,T10,T10,10,"[-5.6568542494923815,-5.656854249492379,5.6568542494923815,5.656854249492379]","[-369,-369,369,369]","{""5"":1762,""6"":2055,""7"":3001,""8"":2231}","{""5"":1967,""6"":2246,""7"":2815,""8"":2047}","{""5"":1802,""6"":2088,""7"":3000,""8"":2231}","[-33.78,15.31,-230.38]","[24.988395750506726,25.01748958540425,53.62015734895368]",0.0,150328,coil_as_tip,thesis_trusted,True,
89,repeat,True,ok,T02,T02,2,"[-2.8284271247461903,-2.82842712474619,2.8284271247461903,2.82842712474619]","[-184,-184,184,184]","{""5"":1947,""6"":2240,""7"":2816,""8"":2046}","{""5"":1802,""6"":2089,""7"":3000,""8"":2231}","{""5"":1955,""6"":2246,""7"":2817,""8"":2047}","[-44.02,25.66,-221.89000000000001]","[15.73260412508779,15.341276315132099,63.855459891381685]",0.0,151912,coil_as_tip,thesis_trusted,False,stale_telemetry
90,approach,True,ok,T06,T06,6,"[2.8284271247461907,2.82842712474619,-2.8284271247461907,-2.82842712474619]","[184,184,-184,-184]","{""5"":2315,""6"":2608,""7"":2448,""8"":1678}","{""5"":1955,""6"":2246,""7"":2817,""8"":2047}","{""5"":2315,""6"":2609,""7"":2457,""8"":1702}","[-47.17,57.410000000000004,-204.8]","[-3.6490931340960913,-15.06263706439642,67.01852210440757]",0.0,153496,coil_as_tip,thesis_trusted,True,
91,repeat,True,ok,T02,T02,2,"[-2.8284271247461903,-2.82842712474619,2.8284271247461903,2.82842712474619]","[-184,-184,184,184]","{""5"":1947,""6"":2240,""7"":2816,""8"":2046}","{""5"":2315,""6"":2609,""7"":2457,""8"":1702}","{""5"":1965,""6"":2261,""7"":2815,""8"":2047}","[-44.910000000000004,27.88,-221.15]","[14.829204215929366,13.183551052285338,64.74775485057707]",0.03892363500017382,155080,coil_as_tip,thesis_trusted,True,
92,approach,True,ok,T07,T07,7,"[0.0,4.0,0.0,-4.0]","[0,261,0,-261]","{""5"":2131,""6"":2685,""7"":2632,""8"":1601}","{""5"":1964,""6"":2261,""7"":2815,""8"":2047}","{""5"":2132,""6"":2686,""7"":2633,""8"":1633}","[-44.97,63.52,-211.63]","[2.720699012914963,-21.66206357463333,64.85188467745809]",0.0,156680,coil_as_tip,thesis_trusted,True,
93,repeat,True,ok,T02,T02,2,"[-2.8284271247461903,-2.82842712474619,2.8284271247461903,2.82842712474619]","[-184,-184,184,184]","{""5"":1947,""6"":2240,""7"":2816,""8"":2046}","{""5"":2132,""6"":2686,""7"":2633,""8"":1633}","{""5"":1964,""6"":2263,""7"":2815,""8"":2047}","[-44.95,28.21,-221.43]","[15.084129559424781,12.83399658279798,64.7892848650865]",0.0,158264,coil_as_tip,thesis_trusted,True,
94,approach,True,ok,T12,T12,12,"[5.6568542494923735,-5.656854249492387,-5.6568542494923735,5.656854249492387]","[369,-369,-369,369]","{""5"":2500,""6"":2055,""7"":2263,""8"":2231}","{""5"":1964,""6"":2263,""7"":2815,""8"":2047}","{""5"":2500,""6"":2094,""7"":2291,""8"":2232}","[-38.550000000000004,16.57,-190.22]","[-15.16946152173253,26.716987449806116,58.27035157192503]",0.03887563699981911,159832,coil_as_tip,thesis_trusted,True,
95,repeat,True,ok,T02,T02,2,"[-2.8284271247461903,-2.82842712474619,2.8284271247461903,2.82842712474619]","[-184,-184,184,184]","{""5"":1947,""6"":2240,""7"":2816,""8"":2046}","{""5"":2500,""6"":2094,""7"":2291,""8"":2232}","{""5"":1969,""6"":2247,""7"":2815,""8"":2047}","[-44.72,26.11,-219.9]","[13.712945374694101,15.040021869410658,64.5503154813364]",0.0,161432,coil_as_tip,thesis_trusted,True,
96,approach,True,ok,T13,T13,13,"[8.0,0.0,-8.0,0.0]","[522,0,-522,0]","{""5"":2653,""6"":2424,""7"":2110,""8"":1862}","{""5"":1969,""6"":2247,""7"":2815,""8"":2047}","{""5"":2653,""6"":2425,""7"":2159,""8"":1863}","[-39.22,42.52,-175.58]","[-31.675204847175905,1.9121314159333949,58.94899316616255]",0.0,162992,coil_as_tip,thesis_trusted,True,
97,repeat,True,ok,T03,T03,3,"[0.0,-4.0,0.0,4.0]","[0,-261,0,261]","{""5"":2131,""6"":2163,""7"":2632,""8"":2123}","{""5"":2653,""6"":2425,""7"":2159,""8"":1863}","{""5"":2134,""6"":2193,""7"":2631,""8"":2124}","[-44.58,20.8,-204.52]","[-1.235700556769217,21.463337033165033,64.35256027197737]",0.0,164536,coil_as_tip,thesis_trusted,True,
98,approach,True,ok,T05,T05,5,"[4.0,0.0,-4.0,0.0]","[261,0,-261,0]","{""5"":2392,""6"":2424,""7"":2371,""8"":1862}","{""5"":2134,""6"":2193,""7"":2631,""8"":2124}","{""5"":2393,""6"":2425,""7"":2388,""8"":1867}","[-48.06,42.29,-194.38]","[-12.93458006566928,0.7828146781473677,67.84574125209465]",0.03712780100022428,166112,coil_as_tip,thesis_trusted,True,
99,repeat,True,ok,T03,T03,3,"[0.0,-4.0,0.0,4.0]","[0,-261,0,261]","{""5"":2131,""6"":2163,""7"":2632,""8"":2123}","{""5"":2393,""6"":2425,""7"":2388,""8"":1867}","{""5"":2133,""6"":2194,""7"":2631,""8"":2124}","[-44.61,20.84,-204.79]","[-0.9694493332988543,21.40371156048463,64.38346478634291]",0.0,167688,coil_as_tip,thesis_trusted,True,
100,approach,True,ok,T04,T04,4,"[2.82842712474619,-2.8284271247461903,-2.82842712474619,2.8284271247461903]","[184,-184,-184,184]","{""5"":2315,""6"":2240,""7"":2448,""8"":2046}","{""5"":2133,""6"":2194,""7"":2631,""8"":2124}","{""5"":2315,""6"":2248,""7"":2455,""8"":2047}","[-46.35,25.82,-200.9]","[-5.219238791521946,16.726371547470656,66.12182032058621]",0.03807707999976628,169248,coil_as_tip,thesis_trusted,True,
101,repeat,True,ok,T03,T03,3,"[0.0,-4.0,0.0,4.0]","[0,-261,0,261]","{""5"":2131,""6"":2163,""7"":2632,""8"":2123}","{""5"":2315,""6"":2248,""7"":2455,""8"":2047}","{""5"":2133,""6"":2193,""7"":2631,""8"":2123}","[-44.63,20.71,-204.98000000000002]","[-0.7704847906821328,21.519472235891698,64.40377677321335]",0.0390858109999499,170824,coil_as_tip,thesis_trusted,True,
102,approach,True,ok,T10,T10,10,"[-5.6568542494923815,-5.656854249492379,5.6568542494923815,5.656854249492379]","[-369,-369,369,369]","{""5"":1762,""6"":2055,""7"":3001,""8"":2231}","{""5"":2133,""6"":2193,""7"":2631,""8"":2123}","{""5"":1805,""6"":2088,""7"":3000,""8"":2231}","[-34.22,15.35,-229.65]","[24.256160405996013,25.03213330011541,54.05801230423995]",0.03864217499994993,172392,coil_as_tip,thesis_trusted,True,
103,repeat,True,ok,T03,T03,3,"[0.0,-4.0,0.0,4.0]","[0,-261,0,261]","{""5"":2131,""6"":2163,""7"":2632,""8"":2123}","{""5"":1804,""6"":2088,""7"":3000,""8"":2231}","{""5"":2132,""6"":2173,""7"":2632,""8"":2124}","[-43.53,18.82,-210.06]","[4.4376104433554815,23.029321269132325,63.315383494101056]",0.038127873000121326,173968,coil_as_tip,thesis_trusted,True,
104,approach,True,ok,T16,T16,16,"[-5.656854249492373,5.656854249492388,5.656854249492373,-5.656854249492388]","[-369,369,369,-369]","{""5"":1762,""6"":2793,""7"":3001,""8"":1493}","{""5"":2132,""6"":2173,""7"":2633,""8"":2124}","{""5"":1795,""6"":2793,""7"":3000,""8"":1534}","[-34.7,67.03,-232.39000000000001]","[23.196917941141265,-26.7084223500109,54.65240814611013]",0.03990038099982485,175528,coil_as_tip,thesis_trusted,True,
105,repeat,True,ok,T03,T03,3,"[0.0,-4.0,0.0,4.0]","[0,-261,0,261]","{""5"":2131,""6"":2163,""7"":2632,""8"":2123}","{""5"":1795,""6"":2793,""7"":3000,""8"":1535}","{""5"":2132,""6"":2195,""7"":2632,""8"":2124}","[-44.52,20.84,-210.04]","[4.266648473904041,21.018480199770345,64.30946105584785]",0.0381584860001567,177080,coil_as_tip,thesis_trusted,True,
106,approach,True,ok,T09,T09,9,"[-8.0,0.0,8.0,0.0]","[-522,0,522,0]","{""5"":1609,""6"":2424,""7"":3154,""8"":1862}","{""5"":2132,""6"":2195,""7"":2632,""8"":2125}","{""5"":1673,""6"":2425,""7"":3152,""8"":1862}","[-31.78,38.63,-244.4]","[37.26594903258413,0.7276024922434843,51.710741101182364]",0.0,178672,coil_as_tip,thesis_trusted,True,
107,repeat,True,ok,T03,T03,3,"[0.0,-4.0,0.0,4.0]","[0,-261,0,261]","{""5"":2131,""6"":2163,""7"":2632,""8"":2123}","{""5"":1673,""6"":2425,""7"":3152,""8"":1862}","{""5"":2132,""6"":2194,""7"":2632,""8"":2124}","[-44.19,20.52,-211.84]","[6.086216328647282,21.20485926972382,63.984290847697665]",0.0,180256,coil_as_tip,thesis_trusted,True,
108,approach,True,ok,T01,T01,1,"[-4.0,0.0,4.0,0.0]","[-261,0,261,0]","{""5"":1870,""6"":2424,""7"":2893,""8"":1862}","{""5"":2132,""6"":2194,""7"":2632,""8"":2124}","{""5"":1898,""6"":2425,""7"":2892,""8"":1865}","[-44.26,39.59,-228.67000000000002]","[21.471927033022865,0.95213415042479,64.14470083297532]",0.0,181848,coil_as_tip,thesis_trusted,True,
109,repeat,True,ok,T03,T03,3,"[0.0,-4.0,0.0,4.0]","[0,-261,0,261]","{""5"":2131,""6"":2163,""7"":2632,""8"":2123}","{""5"":1898,""6"":2425,""7"":2892,""8"":1866}","{""5"":2132,""6"":2194,""7"":2633,""8"":2124}","[-44.2,20.5,-211.63]","[5.8782208308005295,21.24022914262371,63.99360991237914]",0.0,183408,coil_as_tip,thesis_trusted,True,
110,approach,True,ok,T06,T06,6,"[2.8284271247461907,2.82842712474619,-2.8284271247461907,-2.82842712474619]","[184,184,-184,-184]","{""5"":2315,""6"":2608,""7"":2448,""8"":1678}","{""5"":2132,""6"":2193,""7"":2633,""8"":2124}","{""5"":2315,""6"":2609,""7"":2456,""8"":1702}","[-47.17,57.39,-204.42000000000002]","[-4.026601168148858,-15.014822348566206,67.01732328178042]",0.0,184984,coil_as_tip,thesis_trusted,True,
111,repeat,True,ok,T03,T03,3,"[0.0,-4.0,0.0,4.0]","[0,-261,0,261]","{""5"":2131,""6"":2163,""7"":2632,""8"":2123}","{""5"":2315,""6"":2609,""7"":2456,""8"":1702}","{""5"":2132,""6"":2196,""7"":2631,""8"":2124}","[-44.58,20.84,-209.14000000000001]","[3.368902980893978,21.08462103870869,64.36671853749557]",0.0,186560,coil_as_tip,thesis_trusted,True,
112,approach,True,ok,T08,T08,8,"[-2.8284271247461894,2.8284271247461907,2.8284271247461894,-2.8284271247461907]","[-184,184,184,-184]","{""5"":1947,""6"":2608,""7"":2816,""8"":1678}","{""5"":2132,""6"":2196,""7"":2631,""8"":2124}","{""5"":1966,""6"":2609,""7"":2815,""8"":1701}","[-45.33,55.35,-222.09]","[13.750670871403116,-14.28038899709798,65.22698630679093]",0.0,188152,coil_as_tip,thesis_trusted,True,
113,repeat,True,ok,T03,T03,3,"[0.0,-4.0,0.0,4.0]","[0,-261,0,261]","{""5"":2131,""6"":2163,""7"":2632,""8"":2123}","{""5"":1966,""6"":2609,""7"":2815,""8"":1701}","{""5"":2132,""6"":2196,""7"":2632,""8"":2124}","[-44.54,20.89,-209.79]","[4.013597853437972,20.986994995501476,64.32880182609854]",0.0379586079998262,189712,coil_as_tip,thesis_trusted,True,
114,approach,True,ok,T00,T00,0,"[0.0,0.0,0.0,0.0]","[0,0,0,0]","{""5"":2131,""6"":2424,""7"":2632,""8"":1862}","{""5"":2132,""6"":2196,""7"":2632,""8"":2124}","{""5"":2132,""6"":2426,""7"":2632,""8"":1869}","[-49.46,41.76,-210.53]","[3.2066840376507173,0.13014749699765105,69.29384991428931]",0.0,191304,coil_as_tip,thesis_trusted,True,
115,repeat,True,ok,T03,T03,3,"[0.0,-4.0,0.0,4.0]","[0,-261,0,261]","{""5"":2131,""6"":2163,""7"":2632,""8"":2123}","{""5"":2132,""6"":2426,""7"":2632,""8"":1869}","{""5"":2132,""6"":2196,""7"":2631,""8"":2124}","[-44.64,20.87,-209.25]","[3.476232618394505,21.046770869282497,64.42711484192237]",0.0,192872,coil_as_tip,thesis_trusted,True,
116,approach,True,ok,T11,T11,11,"[0.0,-8.0,0.0,8.0]","[0,-522,0,522]","{""5"":2131,""6"":1902,""7"":2632,""8"":2384}","{""5"":2132,""6"":2196,""7"":2631,""8"":2124}","{""5"":2132,""6"":1966,""7"":2632,""8"":2384}","[-31.57,3.81,-207.51]","[3.0299377672963317,38.15872612718461,51.31689332749174]",0.03692954500002088,194448,coil_as_tip,thesis_trusted,True,
117,repeat,True,ok,T03,T03,3,"[0.0,-4.0,0.0,4.0]","[0,-261,0,261]","{""5"":2131,""6"":2163,""7"":2632,""8"":2123}","{""5"":2132,""6"":1966,""7"":2631,""8"":2384}","{""5"":2132,""6"":2173,""7"":2632,""8"":2124}","[-43.65,18.740000000000002,-208.52]","[2.9072856879151345,23.222319302097524,63.43052645809776]",0.0,196024,coil_as_tip,thesis_trusted,True,
118,approach,True,ok,T15,T15,15,"[0.0,8.0,0.0,-8.0]","[0,522,0,-522]","{""5"":2131,""6"":2946,""7"":2632,""8"":1340}","{""5"":2132,""6"":2173,""7"":2632,""8"":2124}","{""5"":2132,""6"":2947,""7"":2632,""8"":1404}","[-32.49,81.35000000000001,-211.09]","[0.9104592546660797,-39.43273004014856,52.40691198206548]",0.0,197592,coil_as_tip,thesis_trusted,True,
119,repeat,True,ok,T03,T03,3,"[0.0,-4.0,0.0,4.0]","[0,-261,0,261]","{""5"":2131,""6"":2163,""7"":2632,""8"":2123}","{""5"":2132,""6"":2947,""7"":2632,""8"":1404}","{""5"":2132,""6"":2196,""7"":2631,""8"":2125}","[-44.75,21.05,-208.68]","[2.894250447071613,20.909308692914998,64.53574680006817]",0.037447887000325863,199152,coil_as_tip,thesis_trusted,True,
120,approach,True,ok,T07,T07,7,"[0.0,4.0,0.0,-4.0]","[0,261,0,-261]","{""5"":2131,""6"":2685,""7"":2632,""8"":1601}","{""5"":2132,""6"":2196,""7"":2631,""8"":2125}","{""5"":2132,""6"":2686,""7"":2633,""8"":1633}","[-44.99,63.78,-210.74]","[1.8139723914402737,-21.85604609673981,64.86970643456263]",0.0,200728,coil_as_tip,thesis_trusted,True,
121,repeat,True,ok,T03,T03,3,"[0.0,-4.0,0.0,4.0]","[0,-261,0,261]","{""5"":2131,""6"":2163,""7"":2632,""8"":2123}","{""5"":2132,""6"":2686,""7"":2633,""8"":1633}","{""5"":2132,""6"":2196,""7"":2631,""8"":2124}","[-44.730000000000004,21.12,-208.6]","[2.809389868863178,20.84531905528484,64.51564683633445]",0.03746047999993607,202312,coil_as_tip,thesis_trusted,True,
122,approach,True,ok,T14,T14,14,"[5.656854249492377,5.656854249492383,-5.656854249492377,-5.656854249492383]","[369,369,-369,-369]","{""5"":2500,""6"":2793,""7"":2263,""8"":1493}","{""5"":2132,""6"":2196,""7"":2631,""8"":2124}","{""5"":2500,""6"":2793,""7"":2286,""8"":1534}","[-38.61,70.66,-192.49]","[-16.87298437515082,-27.393556413186666,58.448263738501296]",0.0,203880,coil_as_tip,thesis_trusted,True,
123,repeat,True,ok,T03,T03,3,"[0.0,-4.0,0.0,4.0]","[0,-261,0,261]","{""5"":2131,""6"":2163,""7"":2632,""8"":2123}","{""5"":2500,""6"":2793,""7"":2286,""8"":1534}","{""5"":2132,""6"":2196,""7"":2631,""8"":2125}","[-44.83,21.29,-206.56]","[0.7621354211967173,20.82561480118853,64.60977955583401]",0.037197645000105695,205456,coil_as_tip,thesis_trusted,True,
124,approach,True,ok,T12,T12,12,"[5.6568542494923735,-5.656854249492387,-5.6568542494923735,5.656854249492387]","[369,-369,-369,369]","{""5"":2500,""6"":2055,""7"":2263,""8"":2231}","{""5"":2132,""6"":2196,""7"":2631,""8"":2125}","{""5"":2499,""6"":2096,""7"":2290,""8"":2231}","[-38.57,17.02,-189.62]","[-15.800905964506825,26.312248906712277,58.28944679184323]",0.0,207024,coil_as_tip,thesis_trusted,True,
125,repeat,True,ok,T03,T03,3,"[0.0,-4.0,0.0,4.0]","[0,-261,0,261]","{""5"":2131,""6"":2163,""7"":2632,""8"":2123}","{""5"":2500,""6"":2096,""7"":2290,""8"":2232}","{""5"":2133,""6"":2173,""7"":2631,""8"":2124}","[-43.83,19.43,-204.75]","[-0.9036724034261567,22.81107387936271,63.600454761567605]",0.03794851800012111,208592,coil_as_tip,thesis_trusted,True,
126,approach,True,ok,T02,T02,2,"[-2.8284271247461903,-2.82842712474619,2.8284271247461903,2.82842712474619]","[-184,-184,184,184]","{""5"":1947,""6"":2240,""7"":2816,""8"":2046}","{""5"":2133,""6"":2173,""7"":2631,""8"":2124}","{""5"":1971,""6"":2246,""7"":2815,""8"":2047}","[-44.81,26.23,-219.82]","[13.624099861709766,14.926416705485607,64.64031737882816]",0.038174657999661576,210152,coil_as_tip,thesis_trusted,True,
127,repeat,True,ok,T03,T03,3,"[0.0,-4.0,0.0,4.0]","[0,-261,0,261]","{""5"":2131,""6"":2163,""7"":2632,""8"":2123}","{""5"":1971,""6"":2246,""7"":2815,""8"":2047}","{""5"":2132,""6"":2192,""7"":2632,""8"":2124}","[-44.54,20.5,-208.61]","[2.8653854731769854,21.4624831753774,64.32440630410369]",0.0,211752,coil_as_tip,thesis_trusted,True,
128,approach,True,ok,T07,T07,7,"[0.0,4.0,0.0,-4.0]","[0,261,0,-261]","{""5"":2131,""6"":2685,""7"":2632,""8"":1601}","{""5"":2132,""6"":2192,""7"":2632,""8"":2124}","{""5"":2132,""6"":2686,""7"":2632,""8"":1634}","[-45.050000000000004,63.59,-210.0]","[1.0897308236937988,-21.612151556311026,64.9270615101632]",0.042292969999834895,213328,coil_as_tip,thesis_trusted,True,
129,repeat,True,ok,T04,T04,4,"[2.82842712474619,-2.8284271247461903,-2.82842712474619,2.8284271247461903]","[184,-184,-184,184]","{""5"":2315,""6"":2240,""7"":2448,""8"":2046}","{""5"":2132,""6"":2686,""7"":2632,""8"":1633}","{""5"":2314,""6"":2263,""7"":2455,""8"":2047}","[-46.9,27.79,-202.07]","[-4.198472838874466,14.677124104261488,66.67942393106257]",0.0,214928,coil_as_tip,thesis_trusted,True,
130,approach,True,ok,T12,T12,12,"[5.6568542494923735,-5.656854249492387,-5.6568542494923735,5.656854249492387]","[369,-369,-369,369]","{""5"":2500,""6"":2055,""7"":2263,""8"":2231}","{""5"":2315,""6"":2263,""7"":2455,""8"":2047}","{""5"":2499,""6"":2094,""7"":2289,""8"":2232}","[-38.37,16.65,-189.67000000000002]","[-15.723325608509384,26.67713065633775,58.088841215765285]",0.0,216496,coil_as_tip,thesis_trusted,True,
131,repeat,True,ok,T04,T04,4,"[2.82842712474619,-2.8284271247461903,-2.82842712474619,2.8284271247461903]","[184,-184,-184,184]","{""5"":2315,""6"":2240,""7"":2448,""8"":2046}","{""5"":2499,""6"":2094,""7"":2289,""8"":2232}","{""5"":2315,""6"":2248,""7"":2449,""8"":2047}","[-46.24,25.95,-201.03]","[-5.098806621474438,16.586938256060158,66.01248391464529]",0.03755184500005271,218048,coil_as_tip,thesis_trusted,True,
132,approach,True,ok,T11,T11,11,"[0.0,-8.0,0.0,8.0]","[0,-522,0,522]","{""5"":2131,""6"":1902,""7"":2632,""8"":2384}","{""5"":2315,""6"":2248,""7"":2449,""8"":2047}","{""5"":2132,""6"":1965,""7"":2631,""8"":2384}","[-31.740000000000002,4.13,-204.46]","[-0.035796060461166235,38.06365696709288,51.478256124141765]",0.03612095700009377,219624,coil_as_tip,thesis_trusted,True,
133,repeat,True,ok,T04,T04,4,"[2.82842712474619,-2.8284271247461903,-2.82842712474619,2.8284271247461903]","[184,-184,-184,184]","{""5"":2315,""6"":2240,""7"":2448,""8"":2046}","{""5"":2132,""6"":1965,""7"":2631,""8"":2384}","{""5"":2315,""6"":2247,""7"":2457,""8"":2047}","[-46.29,25.53,-200.77]","[-5.327444801702313,17.02498766285639,66.06082954265395]",0.0,221200,coil_as_tip,thesis_trusted,True,
134,approach,True,ok,T14,T14,14,"[5.656854249492377,5.656854249492383,-5.656854249492377,-5.656854249492383]","[369,369,-369,-369]","{""5"":2500,""6"":2793,""7"":2263,""8"":1493}","{""5"":2315,""6"":2247,""7"":2457,""8"":2047}","{""5"":2500,""6"":2793,""7"":2284,""8"":1535}","[-38.68,70.41,-192.16]","[-17.183960123360066,-27.119869681321525,58.51674480761305]",0.0,222776,coil_as_tip,thesis_trusted,True,
135,repeat,True,ok,T04,T04,4,"[2.82842712474619,-2.8284271247461903,-2.82842712474619,2.8284271247461903]","[184,-184,-184,184]","{""5"":2315,""6"":2240,""7"":2448,""8"":2046}","{""5"":2500,""6"":2793,""7"":2284,""8"":1535}","{""5"":2315,""6"":2264,""7"":2450,""8"":2047}","[-46.89,27.87,-200.74]","[-5.530723813588196,14.69485723109716,66.66553592951969]",0.037186671999734244,224336,coil_as_tip,thesis_trusted,True,
136,approach,True,ok,T00,T00,0,"[0.0,0.0,0.0,0.0]","[0,0,0,0]","{""5"":2131,""6"":2424,""7"":2632,""8"":1862}","{""5"":2315,""6"":2264,""7"":2450,""8"":2047}","{""5"":2135,""6"":2426,""7"":2631,""8"":1867}","[-49.5,42.04,-208.13]","[0.7925060518860505,0.02700540092958903,69.32711192066184]",0.0,225912,coil_as_tip,thesis_trusted,True,
137,repeat,True,ok,T04,T04,4,"[2.82842712474619,-2.8284271247461903,-2.82842712474619,2.8284271247461903]","[184,-184,-184,184]","{""5"":2315,""6"":2240,""7"":2448,""8"":2046}","{""5"":2135,""6"":2426,""7"":2631,""8"":1867}","{""5"":2315,""6"":2264,""7"":2455,""8"":2047}","[-46.86,27.51,-201.63]","[-4.616633820349108,14.988547505599094,66.63750903309689]",0.03755956199984212,227480,coil_as_tip,thesis_trusted,True,
138,approach,True,ok,T03,T03,3,"[0.0,-4.0,0.0,4.0]","[0,-261,0,261]","{""5"":2131,""6"":2163,""7"":2632,""8"":2123}","{""5"":2315,""6"":2264,""7"":2455,""8"":2047}","{""5"":2132,""6"":2197,""7"":2631,""8"":2124}","[-44.800000000000004,21.240000000000002,-205.73000000000002]","[-0.061871727003705246,20.93628287225929,64.57714831681353]",0.03780140400021992,229048,coil_as_tip,thesis_trusted,True,
139,repeat,True,ok,T04,T04,4,"[2.82842712474619,-2.8284271247461903,-2.82842712474619,2.8284271247461903]","[184,-184,-184,184]","{""5"":2315,""6"":2240,""7"":2448,""8"":2046}","{""5"":2132,""6"":2197,""7"":2631,""8"":2124}","{""5"":2315,""6"":2248,""7"":2456,""8"":2047}","[-46.45,26.19,-201.62]","[-4.528607450044177,16.304792162354076,66.22477260183005]",0.03835319300014817,230624,coil_as_tip,thesis_trusted,True,
140,approach,True,ok,T05,T05,5,"[4.0,0.0,-4.0,0.0]","[261,0,-261,0]","{""5"":2392,""6"":2424,""7"":2371,""8"":1862}","{""5"":2315,""6"":2248,""7"":2456,""8"":2047}","{""5"":2392,""6"":2425,""7"":2391,""8"":1866}","[-48.11,42.12,-194.72]","[-12.583173001238691,0.9275348613155217,67.89642797276237]",0.03915531800021199,232200,coil_as_tip,thesis_trusted,True,
141,repeat,True,ok,T04,T04,4,"[2.82842712474619,-2.8284271247461903,-2.82842712474619,2.8284271247461903]","[184,-184,-184,184]","{""5"":2315,""6"":2240,""7"":2448,""8"":2046}","{""5"":2392,""6"":2425,""7"":2390,""8"":1866}","{""5"":2315,""6"":2263,""7"":2449,""8"":2047}","[-46.79,27.54,-200.78]","[-5.46633908696046,15.020807184553327,66.56498129353012]",0.0,233800,coil_as_tip,thesis_trusted,True,
142,approach,True,ok,T06,T06,6,"[2.8284271247461907,2.82842712474619,-2.8284271247461907,-2.82842712474619]","[184,184,-184,-184]","{""5"":2315,""6"":2608,""7"":2448,""8"":1678}","{""5"":2315,""6"":2263,""7"":2449,""8"":2047}","{""5"":2315,""6"":2609,""7"":2450,""8"":1703}","[-47.160000000000004,57.26,-202.75]","[-5.682532546042211,-14.762720185877377,67.00196843642551]",0.0,235384,coil_as_tip,thesis_trusted,True,
143,repeat,True,ok,T04,T04,4,"[2.82842712474619,-2.8284271247461903,-2.82842712474619,2.8284271247461903]","[184,-184,-184,184]","{""5"":2315,""6"":2240,""7"":2448,""8"":2046}","{""5"":2315,""6"":2609,""7"":2450,""8"":1703}","{""5"":2315,""6"":2264,""7"":2450,""8"":2047}","[-46.9,27.84,-200.79]","[-5.4786872244973495,14.721132142415222,66.6756266396541]",0.0,236960,coil_as_tip,thesis_trusted,True,
144,approach,True,ok,T10,T10,10,"[-5.6568542494923815,-5.656854249492379,5.6568542494923815,5.656854249492379]","[-369,-369,369,369]","{""5"":1762,""6"":2055,""7"":3001,""8"":2231}","{""5"":2315,""6"":2264,""7"":2450,""8"":2047}","{""5"":1803,""6"":2091,""7"":3000,""8"":2231}","[-34.4,15.63,-229.61]","[24.195211878050827,24.756230172778317,54.23846379707646]",0.0,238528,coil_as_tip,thesis_trusted,True,
145,repeat,True,ok,T04,T04,4,"[2.82842712474619,-2.8284271247461903,-2.82842712474619,2.8284271247461903]","[184,-184,-184,184]","{""5"":2315,""6"":2240,""7"":2448,""8"":2046}","{""5"":1803,""6"":2091,""7"":3000,""8"":2232}","{""5"":2315,""6"":2248,""7"":2459,""8"":2047}","[-46.42,25.86,-203.04]","[-3.0881475038560495,16.52969390262154,66.19842206763536]",0.0,240104,coil_as_tip,thesis_trusted,True,
146,approach,True,ok,T01,T01,1,"[-4.0,0.0,4.0,0.0]","[-261,0,261,0]","{""5"":1870,""6"":2424,""7"":2893,""8"":1862}","{""5"":2315,""6"":2248,""7"":2459,""8"":2047}","{""5"":1900,""6"":2425,""7"":2892,""8"":1865}","[-44.53,39.14,-228.09]","[20.92571703639473,1.4440704088200178,64.4120084409097]",0.0,241696,coil_as_tip,thesis_trusted,True,
147,repeat,True,ok,T04,T04,4,"[2.82842712474619,-2.8284271247461903,-2.82842712474619,2.8284271247461903]","[184,-184,-184,184]","{""5"":2315,""6"":2240,""7"":2448,""8"":2046}","{""5"":1900,""6"":2425,""7"":2892,""8"":1865}","{""5"":2315,""6"":2261,""7"":2459,""8"":2047}","[-46.68,26.94,-203.24]","[-2.968650417135791,15.43852751905576,66.46124590529351]",0.0374960059998557,243248,coil_as_tip,thesis_trusted,True,
148,approach,True,ok,T16,T16,16,"[-5.656854249492373,5.656854249492388,5.656854249492373,-5.656854249492388]","[-369,369,369,-369]","{""5"":1762,""6"":2793,""7"":3001,""8"":1493}","{""5"":2315,""6"":2262,""7"":2459,""8"":2047}","{""5"":1796,""6"":2793,""7"":3000,""8"":1534}","[-35.47,66.36,-233.93]","[24.779680983077384,-26.151421690903142,55.42572012638368]",0.03710476900005233,244848,coil_as_tip,thesis_trusted,True,
149,repeat,True,ok,T04,T04,4,"[2.82842712474619,-2.8284271247461903,-2.82842712474619,2.8284271247461903]","[184,-184,-184,184]","{""5"":2315,""6"":2240,""7"":2448,""8"":2046}","{""5"":1796,""6"":2793,""7"":3000,""8"":1534}","{""5"":2315,""6"":2262,""7"":2458,""8"":2047}","[-46.72,27.21,-203.07]","[-3.1581104830539175,15.181813640497062,66.50128173896354]",0.0,246416,coil_as_tip,thesis_trusted,True,
150,approach,True,ok,T09,T09,9,"[-8.0,0.0,8.0,0.0]","[-522,0,522,0]","{""5"":1609,""6"":2424,""7"":3154,""8"":1862}","{""5"":2315,""6"":2262,""7"":2458,""8"":2047}","{""5"":1673,""6"":2425,""7"":3152,""8"":1862}","[-32.2,39.550000000000004,-244.45000000000002]","[37.24712384323192,-0.19263119448677912,52.13277850953935]",0.038970059000348556,247992,coil_as_tip,thesis_trusted,True,
151,repeat,True,ok,T04,T04,4,"[2.82842712474619,-2.8284271247461903,-2.82842712474619,2.8284271247461903]","[184,-184,-184,184]","{""5"":2315,""6"":2240,""7"":2448,""8"":2046}","{""5"":1673,""6"":2425,""7"":3152,""8"":1862}","{""5"":2315,""6"":2261,""7"":2460,""8"":2047}","[-46.9,27.75,-204.37]","[-1.901743400024941,14.548337763342744,66.68634947182065]",0.0,249600,coil_as_tip,thesis_trusted,True,
152,approach,True,ok,T15,T15,15,"[0.0,8.0,0.0,-8.0]","[0,522,0,-522]","{""5"":2131,""6"":2946,""7"":2632,""8"":1340}","{""5"":2315,""6"":2261,""7"":2460,""8"":2047}","{""5"":2132,""6"":2947,""7"":2632,""8"":1403}","[-33.5,81.72,-212.82]","[2.6057379168508987,-39.92631559875587,53.422935384293524]",0.0,251184,coil_as_tip,thesis_trusted,True,
153,repeat,True,ok,T04,T04,4,"[2.82842712474619,-2.8284271247461903,-2.82842712474619,2.8284271247461903]","[184,-184,-184,184]","{""5"":2315,""6"":2240,""7"":2448,""8"":2046}","{""5"":2132,""6"":2947,""7"":2632,""8"":1403}","{""5"":2314,""6"":2264,""7"":2454,""8"":2047}","[-47.19,28.150000000000002,-202.06]","[-4.235687575273175,14.319486160280505,66.97013025094543]",0.0,252752,coil_as_tip,thesis_trusted,True,
154,approach,True,ok,T02,T02,2,"[-2.8284271247461903,-2.82842712474619,2.8284271247461903,2.82842712474619]","[-184,-184,184,184]","{""5"":1947,""6"":2240,""7"":2816,""8"":2046}","{""5"":2315,""6"":2264,""7"":2454,""8"":2047}","{""5"":1969,""6"":2260,""7"":2815,""8"":2047}","[-45.22,27.11,-220.23000000000002]","[13.96726623274273,14.019650644121526,65.05336961735297]",0.0,254320,coil_as_tip,thesis_trusted,True,
155,repeat,True,ok,T04,T04,4,"[2.82842712474619,-2.8284271247461903,-2.82842712474619,2.8284271247461903]","[184,-184,-184,184]","{""5"":2315,""6"":2240,""7"":2448,""8"":2046}","{""5"":1969,""6"":2260,""7"":2815,""8"":2047}","{""5"":2315,""6"":2260,""7"":2459,""8"":2047}","[-46.83,27.490000000000002,-203.6]","[-2.650394446715609,14.863948675195289,66.61347037599342]",0.0,255880,coil_as_tip,thesis_trusted,True,
156,approach,True,ok,T13,T13,13,"[8.0,0.0,-8.0,0.0]","[522,0,-522,0]","{""5"":2653,""6"":2424,""7"":2110,""8"":1862}","{""5"":2315,""6"":2260,""7"":2459,""8"":2047}","{""5"":2653,""6"":2425,""7"":2160,""8"":1862}","[-39.07,43.1,-175.58]","[-31.71731168179153,1.3333542922322223,58.80018437758187]",0.0,257472,coil_as_tip,thesis_trusted,True,
157,repeat,True,ok,T04,T04,4,"[2.82842712474619,-2.8284271247461903,-2.82842712474619,2.8284271247461903]","[184,-184,-184,184]","{""5"":2315,""6"":2240,""7"":2448,""8"":2046}","{""5"":2653,""6"":2425,""7"":2160,""8"":1862}","{""5"":2315,""6"":2262,""7"":2449,""8"":2047}","[-46.71,27.42,-200.26]","[-5.975903926775146,15.1784381411317,66.48315125287981]",0.0,259040,coil_as_tip,thesis_trusted,True,
158,approach,True,ok,T08,T08,8,"[-2.8284271247461894,2.8284271247461907,2.8284271247461894,-2.8284271247461907]","[-184,184,184,-184]","{""5"":1947,""6"":2608,""7"":2816,""8"":1678}","{""5"":2315,""6"":2262,""7"":2449,""8"":2047}","{""5"":1968,""6"":2609,""7"":2815,""8"":1700}","[-45.4,55.72,-221.12]","[12.755947709423907,-14.578094437853856,65.2947897105879]",0.0,260616,coil_as_tip,thesis_trusted,True,
159,repeat,True,ok,T04,T04,4,"[2.82842712474619,-2.8284271247461903,-2.82842712474619,2.8284271247461903]","[184,-184,-184,184]","{""5"":2315,""6"":2240,""7"":2448,""8"":2046}","{""5"":1968,""6"":2609,""7"":2815,""8"":1700}","{""5"":2315,""6"":2263,""7"":2456,""8"":2047}","[-47.03,27.8,-202.73000000000002]","[-3.5413621198302394,14.619042756973734,66.8114544578906]",0.0,262184,coil_as_tip,thesis_trusted,True,
160,approach,True,ok,T01,T01,1,"[-4.0,0.0,4.0,0.0]","[-261,0,261,0]","{""5"":1870,""6"":2424,""7"":2893,""8"":1862}","{""5"":2315,""6"":2263,""7"":2456,""8"":2047}","{""5"":1902,""6"":2425,""7"":2892,""8"":1863}","[-45.7,40.33,-228.79]","[21.533169252653693,0.20859698290186657,65.58657526268364]",0.03809908099992754,263760,coil_as_tip,thesis_trusted,True,
161,repeat,True,ok,T05,T05,5,"[4.0,0.0,-4.0,0.0]","[261,0,-261,0]","{""5"":2392,""6"":2424,""7"":2371,""8"":1862}","{""5"":1901,""6"":2425,""7"":2892,""8"":1863}","{""5"":2393,""6"":2425,""7"":2392,""8"":1863}","[-48.160000000000004,43.01,-195.21]","[-12.159916172544513,0.004111476024270644,67.94974690430658]",0.0,265344,coil_as_tip,thesis_trusted,True,
162,approach,True,ok,T07,T07,7,"[0.0,4.0,0.0,-4.0]","[0,261,0,-261]","{""5"":2131,""6"":2685,""7"":2632,""8"":1601}","{""5"":2393,""6"":2425,""7"":2392,""8"":1863}","{""5"":2132,""6"":2686,""7"":2631,""8"":1633}","[-44.980000000000004,64.15,-208.59]","[-0.3573366186016358,-22.06739372185192,64.85391516259747]",0.0,266928,coil_as_tip,thesis_trusted,True,
163,repeat,True,ok,T05,T05,5,"[4.0,0.0,-4.0,0.0]","[261,0,-261,0]","{""5"":2392,""6"":2424,""7"":2371,""8"":1862}","{""5"":2133,""6"":2686,""7"":2631,""8"":1633}","{""5"":2393,""6"":2427,""7"":2390,""8"":1862}","[-48.07,44.36,-194.9]","[-12.567835632814763,-1.3197189998971837,67.86157329740287]",0.0,268496,coil_as_tip,thesis_trusted,True,
164,approach,True,ok,T14,T14,14,"[5.656854249492377,5.656854249492383,-5.656854249492377,-5.656854249492383]","[369,369,-369,-369]","{""5"":2500,""6"":2793,""7"":2263,""8"":1493}","{""5"":2393,""6"":2427,""7"":2390,""8"":1862}","{""5"":2500,""6"":2793,""7"":2285,""8"":1533}","[-38.25,70.63,-192.52]","[-16.8398252437853,-27.366654631770807,58.08829600916471]",0.0,270064,coil_as_tip,thesis_trusted,True,
165,repeat,True,ok,T05,T05,5,"[4.0,0.0,-4.0,0.0]","[261,0,-261,0]","{""5"":2392,""6"":2424,""7"":2371,""8"":1862}","{""5"":2499,""6"":2793,""7"":2285,""8"":1533}","{""5"":2393,""6"":2428,""7"":2378,""8"":1863}","[-47.9,45.25,-193.39000000000001]","[-14.138548331992723,-2.096964809442923,67.68880012765531]",0.0,271648,coil_as_tip,thesis_trusted,True,
166,approach,True,ok,T02,T02,2,"[-2.8284271247461903,-2.82842712474619,2.8284271247461903,2.82842712474619]","[-184,-184,184,184]","{""5"":1947,""6"":2240,""7"":2816,""8"":2046}","{""5"":2393,""6"":2428,""7"":2378,""8"":1863}","{""5"":1970,""6"":2261,""7"":2815,""8"":2047}","[-45.07,28.0,-219.9]","[13.573312666709569,13.155910818987543,64.90419152818676]",0.0,273216,coil_as_tip,thesis_trusted,True,
167,repeat,True,ok,T05,T05,5,"[4.0,0.0,-4.0,0.0]","[261,0,-261,0]","{""5"":2392,""6"":2424,""7"":2371,""8"":1862}","{""5"":1970,""6"":2261,""7"":2815,""8"":2047}","{""5"":2393,""6"":2425,""7"":2391,""8"":1864}","[-48.25,43.42,-195.6]","[-11.801299556160274,-0.43318108907312336,68.04177589410676]",0.0,274808,coil_as_tip,thesis_trusted,True,
168,approach,True,ok,T12,T12,12,"[5.6568542494923735,-5.656854249492387,-5.6568542494923735,5.656854249492387]","[369,-369,-369,369]","{""5"":2500,""6"":2055,""7"":2263,""8"":2231}","{""5"":2393,""6"":2425,""7"":2391,""8"":1864}","{""5"":2499,""6"":2097,""7"":2285,""8"":2232}","[-38.46,17.03,-188.84]","[-16.579217637818914,26.359230182036796,58.17709155629535]",0.0,276376,coil_as_tip,thesis_trusted,True,
169,repeat,True,ok,T05,T05,5,"[4.0,0.0,-4.0,0.0]","[261,0,-261,0]","{""5"":2392,""6"":2424,""7"":2371,""8"":1862}","{""5"":2499,""6"":2097,""7"":2285,""8"":2232}","{""5"":2393,""6"":2425,""7"":2378,""8"":1866}","[-47.61,42.52,-193.35]","[-13.977371283514316,0.6279517804796058,67.39307806725273]",0.0,277968,coil_as_tip,thesis_trusted,True,
170,approach,True,ok,T11,T11,11,"[0.0,-8.0,0.0,8.0]","[0,-522,0,522]","{""5"":2131,""6"":1902,""7"":2632,""8"":2384}","{""5"":2393,""6"":2426,""7"":2378,""8"":1866}","{""5"":2132,""6"":1966,""7"":2631,""8"":2385}","[-31.75,4.12,-203.48000000000002]","[-1.012447896404666,38.1455244303378,51.485249679034865]",0.0,279544,coil_as_tip,thesis_trusted,True,
171,repeat,True,ok,T05,T05,5,"[4.0,0.0,-4.0,0.0]","[261,0,-261,0]","{""5"":2392,""6"":2424,""7"":2371,""8"":1862}","{""5"":2132,""6"":1966,""7"":2631,""8"":2385}","{""5"":2393,""6"":2425,""7"":2388,""8"":1868}","[-47.89,41.38,-194.08]","[-13.166535959897601,1.7119774413504132,67.67296097946604]",0.03898843600018154,281120,coil_as_tip,thesis_trusted,True,
172,approach,True,ok,T00,T00,0,"[0.0,0.0,0.0,0.0]","[0,0,0,0]","{""5"":2131,""6"":2424,""7"":2632,""8"":1862}","{""5"":2393,""6"":2425,""7"":2388,""8"":1868}","{""5"":2136,""6"":2426,""7"":2631,""8"":1868}","[-49.59,41.53,-207.61]","[0.31105475224990187,0.5739710216568383,69.41448042654993]",0.0,282696,coil_as_tip,thesis_trusted,True,
173,repeat,True,ok,T05,T05,5,"[4.0,0.0,-4.0,0.0]","[261,0,-261,0]","{""5"":2392,""6"":2424,""7"":2371,""8"":1862}","{""5"":2136,""6"":2426,""7"":2631,""8"":1868}","{""5"":2393,""6"":2425,""7"":2390,""8"":1865}","[-48.120000000000005,42.06,-194.62]","[-12.67853143286058,0.9947296815150821,67.90600010193816]",0.0,284264,coil_as_tip,thesis_trusted,True,
174,approach,True,ok,T08,T08,8,"[-2.8284271247461894,2.8284271247461907,2.8284271247461894,-2.8284271247461907]","[-184,184,184,-184]","{""5"":1947,""6"":2608,""7"":2816,""8"":1678}","{""5"":2393,""6"":2425,""7"":2390,""8"":1865}","{""5"":1969,""6"":2609,""7"":2815,""8"":1700}","[-45.56,55.51,-221.28]","[12.930456439318675,-14.380031446034245,65.45484518366516]",0.0,285840,coil_as_tip,thesis_trusted,True,
175,repeat,True,ok,T05,T05,5,"[4.0,0.0,-4.0,0.0]","[261,0,-261,0]","{""5"":2392,""6"":2424,""7"":2371,""8"":1862}","{""5"":1969,""6"":2609,""7"":2815,""8"":1700}","{""5"":2393,""6"":2426,""7"":2391,""8"":1862}","[-47.86,43.34,-195.11]","[-12.282983812486691,-0.31834616779550373,67.6501214315222]",0.0,287416,coil_as_tip,thesis_trusted,True,
176,approach,True,ok,T04,T04,4,"[2.82842712474619,-2.8284271247461903,-2.82842712474619,2.8284271247461903]","[184,-184,-184,184]","{""5"":2315,""6"":2240,""7"":2448,""8"":2046}","{""5"":2393,""6"":2426,""7"":2391,""8"":1862}","{""5"":2315,""6"":2265,""7"":2449,""8"":2047}","[-46.59,27.37,-201.41]","[-4.824992289910938,15.143691706499233,66.36655327086088]",0.0,288968,coil_as_tip,thesis_trusted,True,
177,repeat,True,ok,T05,T05,5,"[4.0,0.0,-4.0,0.0]","[261,0,-261,0]","{""5"":2392,""6"":2424,""7"":2371,""8"":1862}","{""5"":2315,""6"":2265,""7"":2449,""8"":2047}","{""5"":2392,""6"":2425,""7"":2391,""8"":1865}","[-48.15,42.21,-195.4]","[-11.911723898240183,0.7879980824466628,67.93868420810605]",0.03661888499982524,290544,coil_as_tip,thesis_trusted,True,
178,approach,True,ok,T13,T13,13,"[8.0,0.0,-8.0,0.0]","[522,0,-522,0]","{""5"":2653,""6"":2424,""7"":2110,""8"":1862}","{""5"":2392,""6"":2425,""7"":2391,""8"":1865}","{""5"":2653,""6"":2425,""7"":2159,""8"":1863}","[-39.32,43.14,-175.54]","[-31.760859597464105,1.2969631505572465,59.05014290183773]",0.03867097200009084,292104,coil_as_tip,thesis_trusted,True,
179,repeat,True,ok,T05,T05,5,"[4.0,0.0,-4.0,0.0]","[261,0,-261,0]","{""5"":2392,""6"":2424,""7"":2371,""8"":1862}","{""5"":2653,""6"":2425,""7"":2159,""8"":1863}","{""5"":2393,""6"":2425,""7"":2377,""8"":1863}","[-48.660000000000004,42.300000000000004,-192.63]","[-14.682325658775426,0.9025459859527203,68.44042583715574]",0.0,293680,coil_as_tip,thesis_trusted,True,
180,approach,True,ok,T10,T10,10,"[-5.6568542494923815,-5.656854249492379,5.6568542494923815,5.656854249492379]","[-369,-369,369,369]","{""5"":1762,""6"":2055,""7"":3001,""8"":2231}","{""5"":2393,""6"":2426,""7"":2377,""8"":1863}","{""5"":1803,""6"":2090,""7"":3000,""8"":2232}","[-34.42,15.450000000000001,-229.62]","[24.21832922454064,24.935057002177267,54.258124757846204]",0.03707955399977436,295264,coil_as_tip,thesis_trusted,True,
181,repeat,True,ok,T05,T05,5,"[4.0,0.0,-4.0,0.0]","[261,0,-261,0]","{""5"":2392,""6"":2424,""7"":2371,""8"":1862}","{""5"":1803,""6"":2090,""7"":3000,""8"":2232}","{""5"":2393,""6"":2425,""7"":2390,""8"":1865}","[-48.2,42.11,-195.0]","[-12.303454792859213,0.9171774298949913,67.98725994684277]",0.0,296832,coil_as_tip,thesis_trusted,True,
182,approach,True,ok,T16,T16,16,"[-5.656854249492373,5.656854249492388,5.656854249492373,-5.656854249492388]","[-369,369,369,-369]","{""5"":1762,""6"":2793,""7"":3001,""8"":1493}","{""5"":2393,""6"":2425,""7"":2390,""8"":1865}","{""5"":1799,""6"":2793,""7"":2999,""8"":1531}","[-34.96,68.98,-231.12]","[21.7865703505978,-28.559436092313312,54.912538497387814]",0.0,298416,coil_as_tip,thesis_trusted,True,
183,repeat,True,ok,T05,T05,5,"[4.0,0.0,-4.0,0.0]","[261,0,-261,0]","{""5"":2392,""6"":2424,""7"":2371,""8"":1862}","{""5"":1799,""6"":2793,""7"":2999,""8"":1531}","{""5"":2393,""6"":2426,""7"":2391,""8"":1863}","[-48.25,44.15,-195.21]","[-12.243789296626034,-1.1326113812617251,68.04208565446255]",0.038919964999877266,299984,coil_as_tip,thesis_trusted,True,
184,approach,True,ok,T15,T15,15,"[0.0,8.0,0.0,-8.0]","[0,522,0,-522]","{""5"":2131,""6"":2946,""7"":2632,""8"":1340}","{""5"":2393,""6"":2426,""7"":2391,""8"":1862}","{""5"":2132,""6"":2947,""7"":2631,""8"":1402}","[-32.39,81.46000000000001,-210.15]","[-0.03478418293096297,-39.47372235917613,52.304274398985555]",0.0,301560,coil_as_tip,thesis_trusted,True,
185,repeat,True,ok,T05,T05,5,"[4.0,0.0,-4.0,0.0]","[261,0,-261,0]","{""5"":2392,""6"":2424,""7"":2371,""8"":1862}","{""5"":2132,""6"":2947,""7"":2631,""8"":1402}","{""5"":2393,""6"":2428,""7"":2385,""8"":1862}","[-47.88,45.59,-194.53]","[-13.026503042709123,-2.5196996235964164,67.67297130948327]",0.03697691100023803,303128,coil_as_tip,thesis_trusted,True,
186,approach,True,ok,T06,T06,6,"[2.8284271247461907,2.82842712474619,-2.8284271247461907,-2.82842712474619]","[184,184,-184,-184]","{""5"":2315,""6"":2608,""7"":2448,""8"":1678}","{""5"":2393,""6"":2428,""7"":2385,""8"":1862}","{""5"":2315,""6"":2609,""7"":2449,""8"":1700}","[-46.7,59.1,-203.1]","[-5.467102801320834,-16.62447318007768,66.54681372242656]",0.0,304696,coil_as_tip,thesis_trusted,True,
187,repeat,True,ok,T05,T05,5,"[4.0,0.0,-4.0,0.0]","[261,0,-261,0]","{""5"":2392,""6"":2424,""7"":2371,""8"":1862}","{""5"":2315,""6"":2609,""7"":2449,""8"":1700}","{""5"":2392,""6"":2428,""7"":2389,""8"":1862}","[-47.46,44.02,-194.86]","[-12.581028730157556,-0.9790866217087952,67.25075783827285]",0.0,306272,coil_as_tip,thesis_trusted,True,
188,approach,True,ok,T09,T09,9,"[-8.0,0.0,8.0,0.0]","[-522,0,522,0]","{""5"":1609,""6"":2424,""7"":3154,""8"":1862}","{""5"":2392,""6"":2428,""7"":2389,""8"":1862}","{""5"":1674,""6"":2425,""7"":3152,""8"":1862}","[-32.52,43.13,-243.72]","[36.25559409040952,-3.70871789413615,52.45789859476437]",0.036893720000080066,307848,coil_as_tip,thesis_trusted,True,
189,repeat,True,ok,T05,T05,5,"[4.0,0.0,-4.0,0.0]","[261,0,-261,0]","{""5"":2392,""6"":2424,""7"":2371,""8"":1862}","{""5"":1674,""6"":2425,""7"":3152,""8"":1862}","{""5"":2393,""6"":2426,""7"":2392,""8"":1863}","[-48.29,44.04,-195.63]","[-11.81696984963861,-1.0536192485377214,68.08313931009819]",0.038243874999807304,309408,coil_as_tip,thesis_trusted,True,
190,approach,True,ok,T03,T03,3,"[0.0,-4.0,0.0,4.0]","[0,-261,0,261]","{""5"":2131,""6"":2163,""7"":2632,""8"":2123}","{""5"":2393,""6"":2426,""7"":2392,""8"":1862}","{""5"":2132,""6"":2197,""7"":2631,""8"":2124}","[-44.72,21.09,-207.21]","[1.4253686869633668,20.977155989011592,64.50135029975574]",0.0,310992,coil_as_tip,thesis_trusted,True,
191,repeat,True,ok,T05,T05,5,"[4.0,0.0,-4.0,0.0]","[261,0,-261,0]","{""5"":2392,""6"":2424,""7"":2371,""8"":1862}","{""5"":2132,""6"":2197,""7"":2631,""8"":2124}","{""5"":2393,""6"":2425,""7"":2391,""8"":1865}","[-48.2,42.6,-194.99]","[-12.349366822886992,0.42923159808029965,67.98823499217653]",0.0,312576,coil_as_tip,thesis_trusted,True,
192,approach,True,ok,T14,T14,14,"[5.656854249492377,5.656854249492383,-5.656854249492377,-5.656854249492383]","[369,369,-369,-369]","{""5"":2500,""6"":2793,""7"":2263,""8"":1493}","{""5"":2393,""6"":2425,""7"":2390,""8"":1865}","{""5"":2499,""6"":2793,""7"":2285,""8"":1534}","[-39.03,70.15,-192.08]","[-17.24568547288075,-26.853908926419585,58.86596516509317]",0.0,314160,coil_as_tip,thesis_trusted,True,
193,repeat,True,ok,T06,T06,6,"[2.8284271247461907,2.82842712474619,-2.8284271247461907,-2.82842712474619]","[184,184,-184,-184]","{""5"":2315,""6"":2608,""7"":2448,""8"":1678}","{""5"":2499,""6"":2793,""7"":2285,""8"":1534}","{""5"":2315,""6"":2609,""7"":2449,""8"":1687}","[-46.6,59.99,-202.83]","[-5.801362624393846,-17.492499814524187,66.44781810347986]",0.03630440100005217,315720,coil_as_tip,thesis_trusted,True,
194,approach,True,ok,T13,T13,13,"[8.0,0.0,-8.0,0.0]","[522,0,-522,0]","{""5"":2653,""6"":2424,""7"":2110,""8"":1862}","{""5"":2315,""6"":2609,""7"":2449,""8"":1687}","{""5"":2653,""6"":2426,""7"":2159,""8"":1862}","[-39.160000000000004,47.81,-175.94]","[-31.70399724845302,-3.3901475708387707,58.90094585548778]",0.0,317312,coil_as_tip,thesis_trusted,True,
195,repeat,True,ok,T06,T06,6,"[2.8284271247461907,2.82842712474619,-2.8284271247461907,-2.82842712474619]","[184,184,-184,-184]","{""5"":2315,""6"":2608,""7"":2448,""8"":1678}","{""5"":2653,""6"":2426,""7"":2159,""8"":1862}","{""5"":2315,""6"":2609,""7"":2449,""8"":1700}","[-46.72,58.86,-201.41]","[-7.13499893081115,-16.261132650036366,66.56117201133878]",0.0,318880,coil_as_tip,thesis_trusted,True,
196,approach,True,ok,T07,T07,7,"[0.0,4.0,0.0,-4.0]","[0,261,0,-261]","{""5"":2131,""6"":2685,""7"":2632,""8"":1601}","{""5"":2315,""6"":2609,""7"":2449,""8"":1700}","{""5"":2134,""6"":2686,""7"":2631,""8"":1632}","[-44.26,64.56,-205.66]","[-3.3074247984096985,-22.26304120680016,64.12583426531324]",0.0,320440,coil_as_tip,thesis_trusted,True,
197,repeat,True,ok,T06,T06,6,"[2.8284271247461907,2.82842712474619,-2.8284271247461907,-2.82842712474619]","[184,184,-184,-184]","{""5"":2315,""6"":2608,""7"":2448,""8"":1678}","{""5"":2134,""6"":2686,""7"":2631,""8"":1632}","{""5"":2315,""6"":2609,""7"":2453,""8"":1686}","[-46.54,59.910000000000004,-202.52]","[-6.104485507086338,-17.390116721350715,66.38670983709609]",0.0,322024,coil_as_tip,thesis_trusted,True,
198,approach,True,ok,T11,T11,11,"[0.0,-8.0,0.0,8.0]","[0,-522,0,522]","{""5"":2131,""6"":1902,""7"":2632,""8"":2384}","{""5"":2315,""6"":2609,""7"":2453,""8"":1685}","{""5"":2132,""6"":1967,""7"":2631,""8"":2385}","[-31.86,4.0,-204.43]","[-0.056526866030395695,38.19577910971704,51.597897141894265]",0.03684189400019022,323584,coil_as_tip,thesis_trusted,True,
199,repeat,True,ok,T06,T06,6,"[2.8284271247461907,2.82842712474619,-2.8284271247461907,-2.82842712474619]","[184,184,-184,-184]","{""5"":2315,""6"":2608,""7"":2448,""8"":1678}","{""5"":2132,""6"":1967,""7"":2631,""8"":2385}","{""5"":2315,""6"":2609,""7"":2453,""8"":1702}","[-47.07,57.52,-202.96]","[-5.491908779621099,-15.037624744430126,66.91314240779458]",0.0,325200,coil_as_tip,thesis_trusted,True,
200,approach,True,ok,T09,T09,9,"[-8.0,0.0,8.0,0.0]","[-522,0,522,0]","{""5"":1609,""6"":2424,""7"":3154,""8"":1862}","{""5"":2315,""6"":2609,""7"":2453,""8"":1702}","{""5"":1674,""6"":2425,""7"":3152,""8"":1862}","[-31.92,41.24,-246.01000000000002]","[38.67977143751955,-1.9931194804772119,51.86100139020601]",0.0,326768,coil_as_tip,thesis_trusted,True,
201,repeat,True,ok,T06,T06,6,"[2.8284271247461907,2.82842712474619,-2.8284271247461907,-2.82842712474619]","[184,184,-184,-184]","{""5"":2315,""6"":2608,""7"":2448,""8"":1678}","{""5"":1674,""6"":2425,""7"":3152,""8"":1862}","{""5"":2315,""6"":2608,""7"":2459,""8"":1701}","[-47.92,58.47,-202.09]","[-6.431694449663382,-15.919330058524856,67.76243542759414]",0.0,328352,coil_as_tip,thesis_trusted,True,
202,approach,True,ok,T05,T05,5,"[4.0,0.0,-4.0,0.0]","[261,0,-261,0]","{""5"":2392,""6"":2424,""7"":2371,""8"":1862}","{""5"":2315,""6"":2609,""7"":2459,""8"":1701}","{""5"":2392,""6"":2427,""7"":2391,""8"":1862}","[-48.21,44.22,-195.06]","[-12.398403284868152,-1.1915127247294066,68.00177255017158]",0.0,329936,coil_as_tip,thesis_trusted,True,
203,repeat,True,ok,T06,T06,6,"[2.8284271247461907,2.82842712474619,-2.8284271247461907,-2.82842712474619]","[184,184,-184,-184]","{""5"":2315,""6"":2608,""7"":2448,""8"":1678}","{""5"":2392,""6"":2427,""7"":2391,""8"":1862}","{""5"":2315,""6"":2609,""7"":2449,""8"":1701}","[-47.46,57.17,-203.15]","[-5.277876948325826,-14.701617174115789,67.3030004433458]",0.0,331512,coil_as_tip,thesis_trusted,True,
204,approach,True,ok,T12,T12,12,"[5.6568542494923735,-5.656854249492387,-5.6568542494923735,5.656854249492387]","[369,-369,-369,369]","{""5"":2500,""6"":2055,""7"":2263,""8"":2231}","{""5"":2315,""6"":2609,""7"":2449,""8"":1701}","{""5"":2499,""6"":2098,""7"":2285,""8"":2232}","[-38.37,18.21,-189.79]","[-15.718067372430426,25.112534980580467,58.09240805679805]",0.03898458499998014,333080,coil_as_tip,thesis_trusted,True,
205,repeat,True,ok,T06,T06,6,"[2.8284271247461907,2.82842712474619,-2.8284271247461907,-2.82842712474619]","[184,184,-184,-184]","{""5"":2315,""6"":2608,""7"":2448,""8"":1678}","{""5"":2499,""6"":2098,""7"":2285,""8"":2232}","{""5"":2315,""6"":2609,""7"":2450,""8"":1702}","[-46.72,57.74,-203.74]","[-4.729137916456125,-15.315030259817242,66.56597272256934]",0.03802546099996107,334640,coil_as_tip,thesis_trusted,True,
206,approach,True,ok,T01,T01,1,"[-4.0,0.0,4.0,0.0]","[-261,0,261,0]","{""5"":1870,""6"":2424,""7"":2893,""8"":1862}","{""5"":2315,""6"":2609,""7"":2450,""8"":1702}","{""5"":1902,""6"":2426,""7"":2891,""8"":1862}","[-45.52,43.21,-228.96]","[21.491997186532046,-2.6765161885752846,65.41300438741833]",0.0,336224,coil_as_tip,thesis_trusted,True,
207,repeat,True,ok,T06,T06,6,"[2.8284271247461907,2.82842712474619,-2.8284271247461907,-2.82842712474619]","[184,184,-184,-184]","{""5"":2315,""6"":2608,""7"":2448,""8"":1678}","{""5"":1902,""6"":2426,""7"":2892,""8"":1862}","{""5"":2315,""6"":2609,""7"":2457,""8"":1700}","[-46.99,57.88,-204.64000000000001]","[-3.8426137786820505,-15.520044632401643,66.83900030391922]",0.0,337808,coil_as_tip,thesis_trusted,True,
208,approach,True,ok,T08,T08,8,"[-2.8284271247461894,2.8284271247461907,2.8284271247461894,-2.8284271247461907]","[-184,184,184,-184]","{""5"":1947,""6"":2608,""7"":2816,""8"":1678}","{""5"":2315,""6"":2609,""7"":2457,""8"":1700}","{""5"":1969,""6"":2609,""7"":2815,""8"":1697}","[-45.25,56.17,-221.29]","[12.892917130053945,-15.039689516374033,65.1462321079611]",0.0,339376,coil_as_tip,thesis_trusted,True,
209,repeat,True,ok,T06,T06,6,"[2.8284271247461907,2.82842712474619,-2.8284271247461907,-2.82842712474619]","[184,184,-184,-184]","{""5"":2315,""6"":2608,""7"":2448,""8"":1678}","{""5"":1969,""6"":2609,""7"":2815,""8"":1698}","{""5"":2315,""6"":2609,""7"":2458,""8"":1697}","[-46.97,58.04,-204.78]","[-3.7146688590003976,-15.689926144489,66.81975532071402]",0.0,340968,coil_as_tip,thesis_trusted,True,
210,approach,True,ok,T04,T04,4,"[2.82842712474619,-2.8284271247461903,-2.82842712474619,2.8284271247461903]","[184,-184,-184,184]","{""5"":2315,""6"":2240,""7"":2448,""8"":2046}","{""5"":2315,""6"":2609,""7"":2458,""8"":1698}","{""5"":2315,""6"":2265,""7"":2453,""8"":2047}","[-46.92,27.82,-201.91]","[-4.360299340364236,14.658984526570471,66.69899787130895]",0.0,342528,coil_as_tip,thesis_trusted,True,
211,repeat,True,ok,T06,T06,6,"[2.8284271247461907,2.82842712474619,-2.8284271247461907,-2.82842712474619]","[184,184,-184,-184]","{""5"":2315,""6"":2608,""7"":2448,""8"":1678}","{""5"":2315,""6"":2266,""7"":2453,""8"":2047}","{""5"":2315,""6"":2609,""7"":2453,""8"":1701}","[-47.09,57.550000000000004,-203.74]","[-4.716270975052794,-15.124702500625851,66.93558033328658]",0.0,344120,coil_as_tip,thesis_trusted,True,
212,approach,True,ok,T16,T16,16,"[-5.656854249492373,5.656854249492388,5.656854249492373,-5.656854249492388]","[-369,369,369,-369]","{""5"":1762,""6"":2793,""7"":3001,""8"":1493}","{""5"":2315,""6"":2609,""7"":2453,""8"":1701}","{""5"":1802,""6"":2792,""7"":3000,""8"":1529}","[-35.300000000000004,67.56,-232.64000000000001]","[23.4056379017712,-27.25396637015573,55.25425339209855]",0.037059083999793074,345680,coil_as_tip,thesis_trusted,True,
213,repeat,True,ok,T06,T06,6,"[2.8284271247461907,2.82842712474619,-2.8284271247461907,-2.82842712474619]","[184,184,-184,-184]","{""5"":2315,""6"":2608,""7"":2448,""8"":1678}","{""5"":1802,""6"":2792,""7"":3000,""8"":1529}","{""5"":2315,""6"":2609,""7"":2459,""8"":1687}","[-46.660000000000004,59.34,-204.99]","[-3.599688419485801,-17.002526807654682,66.513064927017]",0.039009382000131154,347264,coil_as_tip,thesis_trusted,True,
214,approach,True,ok,T00,T00,0,"[0.0,0.0,0.0,0.0]","[0,0,0,0]","{""5"":2131,""6"":2424,""7"":2632,""8"":1862}","{""5"":2315,""6"":2609,""7"":2459,""8"":1686}","{""5"":2133,""6"":2431,""7"":2631,""8"":1863}","[-49.52,43.22,-209.75]","[2.3215312716370136,-1.2685768874350742,69.35446903018166]",0.03672086400001717,348848,coil_as_tip,thesis_trusted,True,
215,repeat,True,ok,T06,T06,6,"[2.8284271247461907,2.82842712474619,-2.8284271247461907,-2.82842712474619]","[184,184,-184,-184]","{""5"":2315,""6"":2608,""7"":2448,""8"":1678}","{""5"":2133,""6"":2431,""7"":2631,""8"":1863}","{""5"":2315,""6"":2609,""7"":2457,""8"":1699}","[-46.81,58.52,-203.70000000000002]","[-4.82649897136514,-16.089789949002075,66.65745085657542]",0.0,350432,coil_as_tip,thesis_trusted,True,
216,approach,True,ok,T15,T15,15,"[0.0,8.0,0.0,-8.0]","[0,522,0,-522]","{""5"":2131,""6"":2946,""7"":2632,""8"":1340}","{""5"":2315,""6"":2609,""7"":2457,""8"":1699}","{""5"":2132,""6"":2947,""7"":2631,""8"":1402}","[-33.58,80.91,-214.48000000000002]","[4.320438318906156,-39.24005922420147,53.50633034562263]",0.0,352024,coil_as_tip,thesis_trusted,True,
217,repeat,True,ok,T06,T06,6,"[2.8284271247461907,2.82842712474619,-2.8284271247461907,-2.82842712474619]","[184,184,-184,-184]","{""5"":2315,""6"":2608,""7"":2448,""8"":1678}","{""5"":2132,""6"":2947,""7"":2631,""8"":1402}","{""5"":2315,""6"":2609,""7"":2457,""8"":1686}","[-46.7,59.85,-203.51]","[-5.113217477367471,-17.402520352960302,66.54960195839159]",0.0,353616,coil_as_tip,thesis_trusted,True,
218,approach,True,ok,T03,T03,3,"[0.0,-4.0,0.0,4.0]","[0,-261,0,261]","{""5"":2131,""6"":2163,""7"":2632,""8"":2123}","{""5"":2315,""6"":2609,""7"":2457,""8"":1686}","{""5"":2132,""6"":2198,""7"":2631,""8"":2125}","[-44.85,21.46,-207.19]","[1.377909570492676,20.609915184817766,64.63204775190724]",0.0,355192,coil_as_tip,thesis_trusted,True,
219,repeat,True,ok,T06,T06,6,"[2.8284271247461907,2.82842712474619,-2.8284271247461907,-2.82842712474619]","[184,184,-184,-184]","{""5"":2315,""6"":2608,""7"":2448,""8"":1678}","{""5"":2132,""6"":2198,""7"":2631,""8"":2125}","{""5"":2315,""6"":2609,""7"":2455,""8"":1700}","[-46.84,58.33,-204.45000000000002]","[-4.064673241223176,-15.955237855324263,66.68934585587921]",0.03810751799983336,356768,coil_as_tip,thesis_trusted,True,
220,approach,True,ok,T02,T02,2,"[-2.8284271247461903,-2.82842712474619,2.8284271247461903,2.82842712474619]","[-184,-184,184,184]","{""5"":1947,""6"":2240,""7"":2816,""8"":2046}","{""5"":2315,""6"":2609,""7"":2455,""8"":1700}","{""5"":1966,""6"":2263,""7"":2815,""8"":2047}","[-45.21,28.61,-220.46]","[14.086657314077002,12.506803306150417,65.04714854899233]",0.0,358368,coil_as_tip,thesis_trusted,True,
221,repeat,True,ok,T06,T06,6,"[2.8284271247461907,2.82842712474619,-2.8284271247461907,-2.82842712474619]","[184,184,-184,-184]","{""5"":2315,""6"":2608,""7"":2448,""8"":1678}","{""5"":1966,""6"":2263,""7"":2815,""8"":2047}","{""5"":2315,""6"":2609,""7"":2455,""8"":1699}","[-47.08,57.94,-204.24]","[-4.246195382156969,-15.550343208808265,66.92790410363746]",0.0,359952,coil_as_tip,thesis_trusted,True,
222,approach,True,ok,T10,T10,10,"[-5.6568542494923815,-5.656854249492379,5.6568542494923815,5.656854249492379]","[-369,-369,369,369]","{""5"":1762,""6"":2055,""7"":3001,""8"":2231}","{""5"":2315,""6"":2609,""7"":2455,""8"":1699}","{""5"":1799,""6"":2095,""7"":3000,""8"":2232}","[-34.53,16.63,-231.11]","[25.617445197745525,23.649213017139544,54.375085177071284]",0.0,361528,coil_as_tip,thesis_trusted,True,
223,repeat,True,ok,T06,T06,6,"[2.8284271247461907,2.82842712474619,-2.8284271247461907,-2.82842712474619]","[184,184,-184,-184]","{""5"":2315,""6"":2608,""7"":2448,""8"":1678}","{""5"":1799,""6"":2095,""7"":3000,""8"":2232}","{""5"":2315,""6"":2609,""7"":2456,""8"":1699}","[-47.11,57.61,-204.48000000000002]","[-3.9827256158898194,-15.238765853026585,66.95795794910245]",0.0,363104,coil_as_tip,thesis_trusted,True,
224,approach,True,ok,T00,T00,0,"[0.0,0.0,0.0,0.0]","[0,0,0,0]","{""5"":2131,""6"":2424,""7"":2632,""8"":1862}","{""5"":2315,""6"":2609,""7"":2456,""8"":1699}","{""5"":2133,""6"":2430,""7"":2631,""8"":1863}","[-49.17,43.13,-208.98000000000002]","[1.5612202541033469,-1.123143344379983,69.00194067505072]",0.0,364680,coil_as_tip,thesis_trusted,True,
225,repeat,True,ok,T07,T07,7,"[0.0,4.0,0.0,-4.0]","[0,261,0,-261]","{""5"":2131,""6"":2685,""7"":2632,""8"":1601}","{""5"":2133,""6"":2430,""7"":2631,""8"":1863}","{""5"":2132,""6"":2686,""7"":2633,""8"":1632}","[-45.02,64.16,-210.15]","[1.1976062359936748,-22.191684008050252,64.8986884101874]",0.03904911200015704,366240,coil_as_tip,thesis_trusted,True,
226,approach,True,ok,T01,T01,1,"[-4.0,0.0,4.0,0.0]","[-261,0,261,0]","{""5"":1870,""6"":2424,""7"":2893,""8"":1862}","{""5"":2132,""6"":2686,""7"":2633,""8"":1632}","{""5"":1900,""6"":2426,""7"":2892,""8"":1862}","[-44.63,43.72,-229.16]","[21.656622168888674,-3.2018294924755466,64.52466630541944]",0.0,367832,coil_as_tip,thesis_trusted,True,
227,repeat,True,ok,T07,T07,7,"[0.0,4.0,0.0,-4.0]","[0,261,0,-261]","{""5"":2131,""6"":2685,""7"":2632,""8"":1601}","{""5"":1900,""6"":2426,""7"":2892,""8"":1862}","{""5"":2133,""6"":2686,""7"":2633,""8"":1632}","[-44.61,64.23,-211.19]","[2.2308507584626796,-22.33869805162302,64.49200348573095]",0.0,369408,coil_as_tip,thesis_trusted,True,
228,approach,True,ok,T05,T05,5,"[4.0,0.0,-4.0,0.0]","[261,0,-261,0]","{""5"":2392,""6"":2424,""7"":2371,""8"":1862}","{""5"":2132,""6"":2686,""7"":2633,""8"":1632}","{""5"":2393,""6"":2428,""7"":2391,""8"":1863}","[-48.38,44.550000000000004,-195.73000000000002]","[-11.754905435615171,-1.5693741045677427,68.17448993677033]",0.03792532299985396,370968,coil_as_tip,thesis_trusted,True,
229,repeat,True,ok,T07,T07,7,"[0.0,4.0,0.0,-4.0]","[0,261,0,-261]","{""5"":2131,""6"":2685,""7"":2632,""8"":1601}","{""5"":2393,""6"":2428,""7"":2391,""8"":1863}","{""5"":2132,""6"":2686,""7"":2631,""8"":1632}","[-44.87,64.18,-208.89000000000001]","[-0.060028540583658696,-22.119564103797295,64.74489150464686]",0.0,372544,coil_as_tip,thesis_trusted,True,
230,approach,True,ok,T08,T08,8,"[-2.8284271247461894,2.8284271247461907,2.8284271247461894,-2.8284271247461907]","[-184,184,184,-184]","{""5"":1947,""6"":2608,""7"":2816,""8"":1678}","{""5"":2132,""6"":2686,""7"":2631,""8"":1632}","{""5"":1970,""6"":2609,""7"":2815,""8"":1685}","[-45.01,57.5,-221.64000000000001]","[13.145117399819668,-16.392317803608286,64.91002935500543]",0.0,374128,coil_as_tip,thesis_trusted,True,
231,repeat,True,ok,T07,T07,7,"[0.0,4.0,0.0,-4.0]","[0,261,0,-261]","{""5"":2131,""6"":2685,""7"":2632,""8"":1601}","{""5"":1970,""6"":2609,""7"":2815,""8"":1685}","{""5"":2132,""6"":2686,""7"":2633,""8"":1633}","[-44.86,64.08,-211.51]","[2.560267258704357,-22.212003189361745,64.74266896250255]",0.0,375696,coil_as_tip,thesis_trusted,True,
232,approach,True,ok,T11,T11,11,"[0.0,-8.0,0.0,8.0]","[0,-522,0,522]","{""5"":2131,""6"":1902,""7"":2632,""8"":2384}","{""5"":2132,""6"":2686,""7"":2633,""8"":1633}","{""5"":2132,""6"":1968,""7"":2632,""8"":2385}","[-31.78,3.58,-206.58]","[2.118709317093419,38.45678766110554,51.523586417694204]",0.0,377264,coil_as_tip,thesis_trusted,True,
233,repeat,True,ok,T07,T07,7,"[0.0,4.0,0.0,-4.0]","[0,261,0,-261]","{""5"":2131,""6"":2685,""7"":2632,""8"":1601}","{""5"":2132,""6"":1967,""7"":2632,""8"":2385}","{""5"":2132,""6"":2686,""7"":2633,""8"":1632}","[-44.800000000000004,64.25,-210.73000000000002]","[1.7700759956893535,-22.324477137901432,64.68064172046634]",0.03318998900022052,378808,coil_as_tip,thesis_trusted,True,
234,approach,True,ok,T02,T02,2,"[-2.8284271247461903,-2.82842712474619,2.8284271247461903,2.82842712474619]","[-184,-184,184,184]","{""5"":1947,""6"":2240,""7"":2816,""8"":2046}","{""5"":2132,""6"":2686,""7"":2633,""8"":1632}","{""5"":1966,""6"":2263,""7"":2815,""8"":2047}","[-44.93,28.18,-220.20000000000002]","[13.859705650892522,12.954076658490642,64.76547588282799]",0.03827018299989504,380384,coil_as_tip,thesis_trusted,True,
235,repeat,True,ok,T07,T07,7,"[0.0,4.0,0.0,-4.0]","[0,261,0,-261]","{""5"":2131,""6"":2685,""7"":2632,""8"":1601}","{""5"":1966,""6"":2263,""7"":2815,""8"":2047}","{""5"":2132,""6"":2686,""7"":2633,""8"":1632}","[-44.84,63.83,-210.93]","[2.0002258248049998,-21.92018613547058,64.72038894063954]",0.0,381960,coil_as_tip,thesis_trusted,True,
236,approach,True,ok,T15,T15,15,"[0.0,8.0,0.0,-8.0]","[0,522,0,-522]","{""5"":2131,""6"":2946,""7"":2632,""8"":1340}","{""5"":2132,""6"":2686,""7"":2633,""8"":1632}","{""5"":2132,""6"":2947,""7"":2633,""8"":1402}","[-32.89,82.67,-208.56]","[-1.710686466055165,-40.562717637956034,52.801909627053405]",0.03711512999961997,383544,coil_as_tip,thesis_trusted,True,
237,repeat,True,ok,T07,T07,7,"[0.0,4.0,0.0,-4.0]","[0,261,0,-261]","{""5"":2131,""6"":2685,""7"":2632,""8"":1601}","{""5"":2132,""6"":2947,""7"":2633,""8"":1402}","{""5"":2132,""6"":2686,""7"":2631,""8"":1612}","[-44.160000000000004,65.96000000000001,-210.43]","[1.3473138392350563,-24.009319126781982,64.0432410367711]",0.0,385120,coil_as_tip,thesis_trusted,True,
238,approach,True,ok,T06,T06,6,"[2.8284271247461907,2.82842712474619,-2.8284271247461907,-2.82842712474619]","[184,184,-184,-184]","{""5"":2315,""6"":2608,""7"":2448,""8"":1678}","{""5"":2132,""6"":2686,""7"":2631,""8"":1612}","{""5"":2315,""6"":2609,""7"":2458,""8"":1684}","[-46.68,59.74,-203.72]","[-4.895658260481099,-17.308263337748876,66.53001619235542]",0.0,386696,coil_as_tip,thesis_trusted,True,
239,repeat,True,ok,T07,T07,7,"[0.0,4.0,0.0,-4.0]","[0,261,0,-261]","{""5"":2131,""6"":2685,""7"":2632,""8"":1601}","{""5"":2315,""6"":2609,""7"":2458,""8"":1684}","{""5"":2133,""6"":2686,""7"":2631,""8"":1628}","[-44.61,64.69,-209.16]","[0.17258812013849933,-22.648581002424486,64.48676244754299]",0.0,388272,coil_as_tip,thesis_trusted,True,
240,approach,True,ok,T10,T10,10,"[-5.6568542494923815,-5.656854249492379,5.6568542494923815,5.656854249492379]","[-369,-369,369,369]","{""5"":1762,""6"":2055,""7"":3001,""8"":2231}","{""5"":2133,""6"":2686,""7"":2631,""8"":1628}","{""5"":1796,""6"":2097,""7"":3000,""8"":2232}","[-34.96,17.6,-230.88]","[25.315679195176642,22.6996715807828,54.8063720193644]",0.0,389856,coil_as_tip,thesis_trusted,True,
241,repeat,True,ok,T07,T07,7,"[0.0,4.0,0.0,-4.0]","[0,261,0,-261]","{""5"":2131,""6"":2685,""7"":2632,""8"":1601}","{""5"":1796,""6"":2097,""7"":3000,""8"":2233}","{""5"":2132,""6"":2686,""7"":2633,""8"":1631}","[-44.93,63.75,-211.59]","[2.6640531090629054,-21.888600875573736,64.81223505123774]",0.03807056999994529,391432,coil_as_tip,thesis_trusted,True,
242,approach,True,ok,T03,T03,3,"[0.0,-4.0,0.0,4.0]","[0,-261,0,261]","{""5"":2131,""6"":2163,""7"":2632,""8"":2123}","{""5"":2132,""6"":2686,""7"":2633,""8"":1631}","{""5"":2132,""6"":2198,""7"":2631,""8"":2124}","[-44.7,21.46,-209.63]","[3.811760769135958,20.430628774795416,64.48948293842268]",0.0,393008,coil_as_tip,thesis_trusted,True,
243,repeat,True,ok,T07,T07,7,"[0.0,4.0,0.0,-4.0]","[0,261,0,-261]","{""5"":2131,""6"":2685,""7"":2632,""8"":1601}","{""5"":2132,""6"":2197,""7"":2631,""8"":2124}","{""5"":2132,""6"":2686,""7"":2633,""8"":1632}","[-44.93,63.67,-210.42000000000002]","[1.503076831490489,-21.723010482972747,64.80850613821427]",0.0,394576,coil_as_tip,thesis_trusted,True,
244,approach,True,ok,T16,T16,16,"[-5.656854249492373,5.656854249492388,5.656854249492373,-5.656854249492388]","[-369,369,369,-369]","{""5"":1762,""6"":2793,""7"":3001,""8"":1493}","{""5"":2132,""6"":2686,""7"":2633,""8"":1632}","{""5"":1802,""6"":2793,""7"":2999,""8"":1529}","[-35.230000000000004,67.91,-233.04]","[23.779090330790723,-27.632517248551032,55.18619080527195]",0.0,396160,coil_as_tip,thesis_trusted,True,
245,repeat,True,ok,T07,T07,7,"[0.0,4.0,0.0,-4.0]","[0,261,0,-261]","{""5"":2131,""6"":2685,""7"":2632,""8"":1601}","{""5"":1802,""6"":2793,""7"":3000,""8"":1529}","{""5"":2132,""6"":2686,""7"":2633,""8"":1611}","[-43.86,65.48,-213.70000000000002]","[4.644564843187396,-23.77111081006165,63.75222108078758]",0.0,397744,coil_as_tip,thesis_trusted,True,
246,approach,True,ok,T04,T04,4,"[2.82842712474619,-2.8284271247461903,-2.82842712474619,2.8284271247461903]","[184,-184,-184,184]","{""5"":2315,""6"":2240,""7"":2448,""8"":2046}","{""5"":2132,""6"":2686,""7"":2633,""8"":1611}","{""5"":2315,""6"":2265,""7"":2455,""8"":2047}","[-47.02,28.21,-202.54]","[-3.76089211786271,14.224059514876032,66.80171698255712]",0.0,399328,coil_as_tip,thesis_trusted,True,
247,repeat,True,ok,T07,T07,7,"[0.0,4.0,0.0,-4.0]","[0,261,0,-261]","{""5"":2131,""6"":2685,""7"":2632,""8"":1601}","{""5"":2315,""6"":2265,""7"":2455,""8"":2047}","{""5"":2132,""6"":2686,""7"":2631,""8"":1631}","[-44.9,63.620000000000005,-210.69]","[1.7761023818686112,-21.693014748450047,64.77922637128972]",0.0,400920,coil_as_tip,thesis_trusted,True,
248,approach,True,ok,T09,T09,9,"[-8.0,0.0,8.0,0.0]","[-522,0,522,0]","{""5"":1609,""6"":2424,""7"":3154,""8"":1862}","{""5"":2132,""6"":2686,""7"":2631,""8"":1631}","{""5"":1673,""6"":2425,""7"":3152,""8"":1863}","[-32.980000000000004,44.62,-243.63]","[36.05522443598457,-5.18705697121684,52.92067886094024]",0.0,402512,coil_as_tip,thesis_trusted,True,
249,repeat,True,ok,T07,T07,7,"[0.0,4.0,0.0,-4.0]","[0,261,0,-261]","{""5"":2131,""6"":2685,""7"":2632,""8"":1601}","{""5"":1673,""6"":2425,""7"":3152,""8"":1863}","{""5"":2132,""6"":2686,""7"":2633,""8"":1629}","[-44.62,64.08,-213.99]","[5.034270483100954,-22.394427438811654,64.51022662795943]",0.03590406700004678,404072,coil_as_tip,thesis_trusted,True,
250,approach,True,ok,T12,T12,12,"[5.6568542494923735,-5.656854249492387,-5.6568542494923735,5.656854249492387]","[369,-369,-369,369]","{""5"":2500,""6"":2055,""7"":2263,""8"":2231}","{""5"":2132,""6"":2686,""7"":2633,""8"":1629}","{""5"":2500,""6"":2097,""7"":2286,""8"":2232}","[-38.47,17.23,-189.52]","[-15.91574983228847,26.10992180557088,58.189573721515615]",0.0,405664,coil_as_tip,thesis_trusted,True,
251,repeat,True,ok,T07,T07,7,"[0.0,4.0,0.0,-4.0]","[0,261,0,-261]","{""5"":2131,""6"":2685,""7"":2632,""8"":1601}","{""5"":2500,""6"":2097,""7"":2286,""8"":2232}","{""5"":2132,""6"":2686,""7"":2632,""8"":1632}","[-44.99,63.85,-209.14000000000001]","[0.21315432259285672,-21.808515832976603,64.86497521081114]",0.0,407208,coil_as_tip,thesis_trusted,False,stale_telemetry
252,approach,True,ok,T14,T14,14,"[5.656854249492377,5.656854249492383,-5.656854249492377,-5.656854249492383]","[369,369,-369,-369]","{""5"":2500,""6"":2793,""7"":2263,""8"":1493}","{""5"":2132,""6"":2686,""7"":2632,""8"":1632}","{""5"":2500,""6"":2793,""7"":2289,""8"":1530}","[-38.46,70.92,-192.84]","[-16.54256498019214,-27.67886455997185,58.29986466568363]",0.036494902000413276,408824,coil_as_tip,thesis_trusted,True,
253,repeat,True,ok,T07,T07,7,"[0.0,4.0,0.0,-4.0]","[0,261,0,-261]","{""5"":2131,""6"":2685,""7"":2632,""8"":1601}","{""5"":2500,""6"":2793,""7"":2289,""8"":1530}","{""5"":2133,""6"":2686,""7"":2631,""8"":1611}","[-44.160000000000004,65.77,-207.23000000000002]","[-1.8301184784323539,-23.58514810638109,64.03310140686726]",0.0,410392,coil_as_tip,thesis_trusted,True,
254,approach,True,ok,T13,T13,13,"[8.0,0.0,-8.0,0.0]","[522,0,-522,0]","{""5"":2653,""6"":2424,""7"":2110,""8"":1862}","{""5"":2133,""6"":2686,""7"":2631,""8"":1611}","{""5"":2653,""6"":2425,""7"":2159,""8"":1862}","[-38.53,48.63,-175.94]","[-31.762320580613476,-4.209367379822659,58.272632801752536]",0.03687095199984469,411952,coil_as_tip,thesis_trusted,True,
255,repeat,True,ok,T07,T07,7,"[0.0,4.0,0.0,-4.0]","[0,261,0,-261]","{""5"":2131,""6"":2685,""7"":2632,""8"":1601}","{""5"":2653,""6"":2425,""7"":2159,""8"":1862}","{""5"":2134,""6"":2686,""7"":2631,""8"":1628}","[-44.74,64.79,-206.46]","[-2.5278384455740195,-22.55000243794938,64.60874043662368]",0.038576416000069,413528,coil_as_tip,thesis_trusted,True,
256,approach,True,ok,T13,T13,13,"[8.0,0.0,-8.0,0.0]","[522,0,-522,0]","{""5"":2653,""6"":2424,""7"":2110,""8"":1862}","{""5"":2134,""6"":2686,""7"":2631,""8"":1628}","{""5"":2653,""6"":2426,""7"":2158,""8"":1862}","[-38.83,48.07,-175.62]","[-32.04125064192766,-3.626727530650818,58.57050664594212]",0.0,415112,coil_as_tip,thesis_trusted,True,
